id,red,green,blue,black,white,doble(1:yes, 0:no)
"01 52 16.03 -12 59 18.8",4739,188,5425,3797453,9920,1
"05 48 49.50 +72 33 31.3",715,180,2713,1018471,2111,1
"00 39 33.55 +14 54 19.0",1424,181,1571,1020672,342,1
"03 17 26.29 +07 39 21.0",4212,180,1596,1004100,14102,1
"00 55 24.02 -12 32 53.4",19428,189,10404,3735225,52479,1
"05 43 39.82 +49 23 01.2",3135,181,319,1015457,5098,1
"02 24 05.63 +20 41 36.5",3294,180,488,1017027,3201,1
"05 23 57.21 +70 00 00.9",9987,180,268,1004333,9422,1
"00 38 29.19 +42 59 59.7",4538,176,1996,1013182,4298,1
"03 20 22.11 -00 53 38.8",1889,180,677,1016907,4537,1
"03 47 02.11 +41 25 38.1",18432,181,16228,980116,9233,1
"03 46 20.02 +06 44 23.9",2547,179,534,1017478,3452,1
"01 59 12.38 +03 31 09.3",2008,177,2235,1017676,2094,1
"02 59 57.21 +38 01 17.4",2716,182,1207,1012694,7391,1
"02 29 26.12 +47 30 48.5",6278,185,1556,1007489,8682,1
"01 55 58.51 +41 42 57.6",3422,181,2161,1010759,7667,1
"05 44 39.67 +62 06 10.3",4443,188,458,1013791,5310,1
"03 03 04.72 -00 49 22.5",467,181,2337,1018059,3146,1
"03 52 48.82 +00 19 28.6",1010,183,769,1020410,1818,1
"01 17 43.26 -12 20 41.5",25748,184,1249,3741249,49295,1
"02 29 07.34 +22 52 05.1",2541,186,4498,1009944,7021,1
"02 44 52.88 +42 31 38.7",3735,177,1987,1012990,5301,1
"02 24 51.14 +30 38 48.2",7523,178,1201,1003973,11315,1
"02 47 18.61 +18 03 29.3",2026,180,284,1020016,1684,1
"02 25 56.32 +23 24 08.5",2328,175,1051,1014586,6050,1
"04 38 53.54 +21 47 54.4",1320,181,4501,1014868,3320,1
"00 48 39.84 +12 25 46.9",561,180,676,1021085,1688,1
"01 41 24.09 +32 15 48.2",1826,177,836,1020402,949,1
"01 31 53.90 +10 25 43.4",666,179,960,1020039,2346,1
"01 32 56.46 +12 00 00.4",3597,181,448,1015514,4450,1
"03 06 13.04 +34 57 01.3",1707,180,2741,1015768,3794,1
"02 40 25.96 +42 15 46.0",6776,182,3697,999197,14338,1
"05 59 24.95 +20 40 01.6",1328,185,5851,1007864,8962,1
"02 07 46.34 +33 39 09.9",3482,180,1494,1014943,4091,1
"06 46 05.05 +32 33 20.4",11621,184,5375,1001133,5877,1
"04 07 20.74 +43 15 14.0",11717,192,690,998800,12791,1
"00 27 42.79 +09 36 31.1",1602,179,1489,1020709,211,1
"01 20 39.96 +03 32 37.5",528,176,538,1022076,872,1
"00 21 42.58 +65 48 18.0",1590,182,2591,1014670,5157,1
"03 24 16.20 -00 07 52.3",1816,173,702,1017530,3969,1
"03 35 35.39 +00 25 34.1",1725,180,991,1017284,4010,1
"02 19 45.16 +21 56 16.1",492,182,332,1022719,465,1
"00 37 18.07 +75 36 23.0",5506,175,1102,1013683,3724,1
"01 35 01.52 +60 46 45.3",24788,186,1404,973119,24693,1
"07 52 49.51 +82 41 43.7",264,180,2136,1020514,1096,1
"06 44 19.61 +10 20 02.8",11517,177,197,1003161,9138,1
"06 49 40.60 +03 22 35.0",7465,177,818,1012659,3071,1
"05 10 13.92 +04 38 38.6",2831,187,636,1017208,3328,1
"02 48 53.66 +48 24 00.5",6789,189,943,1006185,10084,1
"01 09 18.15 +62 34 06.0",2402,186,1109,1015775,4718,1
"00 58 11.67 +80 06 49.2",3061,181,2083,1010773,8092,1
"06 33 26.84 +22 44 57.2",11776,183,815,997028,14388,1
"01 37 20.15 +18 28 13.2",567,184,425,1022104,910,1
"02 19 13.17 +50 38 56.9",664,184,7373,1008971,6998,1
"00 25 57.19 -05 41 48.5",8237,179,8551,3797230,3528,1
"03 04 03.43 +42 03 18.9",824,184,3876,1007099,12207,1
"07 02 48.37 +39 26 35.2",5497,181,188,1012743,5581,1
"03 24 54.50 +67 09 11.9",512,181,5685,1009909,7903,1
"01 22 49.60 +83 48 33.3",5225,178,1292,1013393,4102,1
"02 48 40.72 +13 44 47.9",3299,182,1680,1012056,6973,1
"00 39 06.37 +27 03 44.2",1137,180,888,1019946,2039,1
"02 18 47.71 +14 39 57.0",910,180,468,1021889,743,1
"04 26 51.13 +08 42 17.4",1983,187,1468,1014551,6001,1
"03 16 59.38 +16 46 41.4",476,183,362,1022768,401,1
"02 12 17.01 +14 10 36.5",1003,180,776,1019617,2614,1
"05 50 56.17 +26 04 06.8",1032,182,12503,992370,18103,1
"02 33 01.14 +01 05 38.9",2049,180,534,1019470,1957,1
"07 46 04.37 +47 31 42.4",2086,181,995,1019069,1859,1
"03 30 35.68 +31 21 29.2",800,179,939,1020172,2100,1
"00 13 40.32 +13 56 55.5",4400,188,546,1013186,5870,1
"03 41 29.32 +17 05 26.1",2549,176,602,1017651,3212,1
"03 02 48.54 +18 16 52.5",650,185,707,1021427,1221,1
"06 38 43.04 +75 42 24.5",10960,182,620,997919,14509,1
"03 47 41.00 +39 09 36.7",2686,187,2832,1014180,4305,1
"00 16 08.60 +09 02 13.2",970,185,585,1019689,2761,1
"00 47 20.60 -06 05 17.9",3757,186,5166,3796966,11650,1
"01 49 15.31 +40 07 44.1",1150,184,2780,1017840,2236,1
"06 53 16.18 +30 26 03.9",6619,178,276,1012407,4710,1
"01 17 56.55 +19 42 48.3",1479,176,875,1018486,3174,1
"03 06 58.97 +18 16 28.5",1062,185,2947,1015844,4152,1
"04 20 07.82 +19 53 09.7",1214,179,652,1019655,2490,1
"01 45 13.80 +03 30 49.2",2591,181,1795,1016871,2752,1
"05 53 25.89 +46 23 45.8",7870,176,554,1004971,10619,1
"05 02 30.76 +03 10 35.6",2064,181,607,1018472,2866,1
"01 11 06.45 -11 08 07.2",6318,182,5287,3794240,11698,1
"06 40 27.16 +64 15 14.3",839,183,1655,1019635,1878,1
"03 04 29.29 +00 03 20.4",830,180,615,1021479,1086,1
"04 05 07.43 -00 26 28.4",1238,176,562,1020245,1969,1
"03 52 48.09 +26 18 53.2",1911,182,529,1020189,1379,1
"03 32 05.10 +43 40 11.5",5295,202,6484,998096,14113,1
"03 22 02.32 +17 14 23.8",1859,183,2201,1016913,3034,1
"00 49 10.67 +79 30 59.3",1016,180,371,1020839,1784,1
"07 31 36.14 +62 01 11.5",2664,182,2250,1016858,2236,1
"00 28 59.45 -09 34 45.4",3975,184,8652,3804328,586,1
"02 25 40.18 +28 45 58.0",4314,173,1662,1010772,7269,1
"06 28 48.07 +15 06 59.5",5798,204,2151,998926,17111,1
"03 02 57.20 +26 49 49.6",714,183,1272,1018825,3196,1
"02 06 37.37 -07 07 41.3",2428,185,4692,3802839,7581,1
"02 52 33.03 +25 04 50.0",1032,186,1094,1020818,1060,1
"00 32 24.88 +50 19 13.9",5295,181,1764,1009945,7005,1
"00 54 48.97 +08 57 26.5",902,182,1490,1017823,3793,1
"06 18 30.90 +73 08 49.1",2775,184,395,1017024,3812,1
"03 17 22.74 +26 18 54.5",2208,172,1819,1016391,3600,1
"03 38 17.71 +25 30 16.3",1743,175,727,1020560,985,1
"04 08 41.67 +18 47 25.4",618,183,2074,1018774,2541,1
"04 44 47.73 +00 00 15.0",1324,184,689,1021067,926,1
"00 58 41.09 +16 44 05.4",1152,184,1639,1019769,1446,1
"06 07 03.10 +41 45 41.3",2942,179,3153,999733,18183,1
"02 11 31.96 +08 15 04.1",1383,179,1747,1018033,2848,1
"02 41 14.00 -00 41 44.4",29899,285,186380,3242923,358238,1
"05 30 46.79 -00 34 03.3",1142,188,2184,1013479,7197,1
"03 16 02.28 +48 52 52.5",2210,201,2864,1013987,4928,1
"03 16 00.60 +29 27 56.6",832,181,710,1021170,1297,1
"02 22 14.09 +27 30 20.5",523,180,2390,1018279,2818,1
"00 33 32.21 -08 10 58.9",4762,184,3132,3797987,11660,1
"00 46 03.23 +40 48 32.0",16908,175,124,988315,18668,1
"01 07 43.48 +57 59 11.5",6692,178,62,1010133,7125,1
"02 01 47.05 -02 18 06.6",1054,179,429,1021689,839,1
"01 17 32.52 +25 25 18.1",168,180,192,1023478,172,1
"02 45 39.68 +44 56 55.5",6995,183,4071,1009839,3102,1
"03 41 16.94 +28 31 58.8",4103,183,1736,1012091,6077,1
"04 20 17.10 +46 36 36.5",5070,183,1911,1008364,8662,1
"06 44 53.01 +32 48 37.1",1285,185,7858,1010302,4560,1
"00 33 51.45 +17 48 24.3",2374,187,659,1018068,2902,1
"01 09 28.90 -05 07 25.4",6210,184,5279,3801008,5044,1
"02 20 39.89 +26 18 10.6",2784,173,1079,1014488,5666,1
"04 45 25.41 +29 55 28.4",3646,190,1822,1015353,3179,1
"02 39 18.54 -01 54 03.6",10255,190,5755,3738832,62693,1
"05 00 22.97 +41 04 56.6",5298,190,3241,1001792,13669,1
"02 35 12.12 +41 01 57.6",2285,182,799,1016365,4559,1
"04 27 49.47 +26 30 14.9",1317,183,1111,1020075,1504,1
"07 15 49.33 +17 35 26.3",5265,184,1110,1013503,4128,1
"01 07 15.02 +05 36 57.4",2430,181,793,1016443,4343,1
"00 55 30.71 +21 03 29.1",802,180,552,1021275,1381,1
"04 02 15.32 +22 25 20.8",13413,179,514,999086,10998,1
"00 45 04.64 -01 08 43.0",1462,180,679,1018518,3351,1
"01 44 59.12 -01 03 30.8",3843,177,2144,1015343,2683,1
"01 12 26.45 -13 08 33.2",3788,178,3881,3809720,158,1
"00 34 17.88 +26 59 52.8",1350,178,387,1020534,1741,1
"06 34 18.87 +03 33 08.4",3557,184,134,1017927,2388,1
"05 42 00.85 +82 19 42.3",1867,183,10,1020412,1718,1
"04 07 52.79 +22 15 08.4",645,187,1297,1018240,3821,1
"02 51 51.42 +28 35 09.0",2330,181,602,1018279,2798,1
"05 50 11.74 +09 39 49.2",10042,181,663,1005702,7602,1
"07 22 32.57 +35 53 33.6",4608,184,1807,1011391,6200,1
"02 56 18.24 +25 36 02.6",757,184,1903,1016639,4707,1
"04 09 10.26 +40 09 40.5",1193,187,9086,996956,16768,1
"00 37 52.23 +30 09 44.4",742,183,219,1020963,2083,1
"04 15 57.08 +17 53 40.8",985,182,1697,1018586,2740,1
"03 05 36.64 +79 45 25.0",906,185,3133,1017394,2572,1
"00 37 14.22 +44 45 31.4",4458,178,515,1014816,4223,1
"07 31 57.70 +18 16 44.3",3631,177,793,1013706,5883,1
"00 23 33.67 +09 47 38.6",1555,180,1386,1019900,1169,1
"07 29 03.94 +05 46 01.5",9880,183,613,1004428,9086,1
"00 41 30.19 +07 28 34.8",740,185,1120,1020564,1581,1
"00 11 51.45 +38 50 28.8",1447,177,788,1020294,1484,1
"00 58 30.39 +38 57 10.6",66,187,2408,1020288,1241,1
"02 15 41.46 +10 46 07.7",202,182,6224,1007259,10323,1
"03 23 48.57 +24 32 31.1",625,185,1514,1019297,2569,1
"07 32 36.20 +23 42 26.2",2623,180,551,1015752,5084,1
"02 08 56.02 +59 09 50.8",12297,173,275,999827,11618,1
"02 23 16.44 +14 52 17.8",1128,181,437,1018542,3902,1
"04 12 48.86 +19 53 52.3",2808,180,2396,1015279,3527,1
"00 10 56.06 +48 06 37.5",11237,187,1657,998351,12758,1
"01 04 39.17 +32 29 21.8",449,181,1448,1020480,1632,1
"02 09 32.78 +63 42 28.6",7317,178,309,1008099,8287,1
"00 32 27.18 +14 26 56.6",806,182,944,1020869,1389,1
"03 33 43.54 +01 08 30.0",1018,181,780,1021967,244,1
"00 50 21.37 +59 23 19.4",11337,180,606,1001476,10591,1
"03 54 40.27 +38 40 31.1",2705,182,1390,1013897,6016,1
"02 17 26.54 +27 08 14.1",3504,175,2128,1017006,1377,1
"00 56 04.85 +41 53 24.0",3057,179,881,1013914,6159,1
"07 27 39.95 +24 20 11.9",3774,182,1260,1011243,7731,1
"00 25 08.61 -05 11 16.4",4122,183,3309,3805020,5091,1
"06 53 25.91 -02 21 24.7",7948,187,2715,1000843,12497,1
"02 32 40.62 +07 04 26.4",586,180,497,1022197,730,1
"03 09 35.75 +21 02 58.9",642,179,591,1022440,338,1
"06 52 44.72 +78 12 08.0",3293,196,2527,1015231,2943,1
"01 43 46.88 +19 54 21.6",577,190,242,1022504,677,1
"01 20 21.30 +09 36 44.3",4363,183,375,1013225,6044,1
"07 27 14.58 +04 29 39.8",5651,176,333,1010989,7041,1
"02 56 00.23 +04 26 07.8",1613,176,299,1018320,3782,1
"04 33 17.84 +00 13 59.6",2621,177,924,1018078,2390,1
"03 47 20.53 +28 57 44.2",2243,187,298,1018343,3119,1
"01 14 49.96 +43 09 06.4",5726,180,2714,1010438,5132,1
"03 32 13.39 +13 29 57.2",1181,177,1233,1017976,3623,1
"02 50 20.53 +37 28 59.4",2381,178,1806,1015975,3850,1
"05 34 44.36 +14 52 59.6",2983,178,465,1017261,3303,1
"01 11 53.72 +04 52 43.3",2472,187,3913,1010903,6715,1
"00 55 01.75 -07 21 35.3",3246,183,3385,3808025,2886,1
"05 45 45.42 +66 38 30.2",3200,187,1595,1015742,3466,1
"06 37 13.06 -00 24 46.7",2044,181,3555,1008815,9595,1
"05 59 37.75 +58 35 34.8",4614,182,3683,1012073,3638,1
"00 53 21.16 +18 20 10.6",1375,183,1713,1019600,1319,1
"01 28 31.48 +09 39 56.0",699,183,2480,1017404,3424,1
"02 58 33.40 +06 45 57.2",722,187,658,1020738,1885,1
"01 54 09.98 +77 12 51.2",997,180,1673,1017352,3988,1
"00 01 13.19 +13 58 30.3",2190,181,2651,1012900,6268,1
"02 19 45.34 +02 28 55.5",1188,177,2690,1012585,7550,1
"01 11 58.87 +09 55 16.9",1104,184,575,1021860,467,1
"01 52 51.59 -10 33 49.8",9951,186,11519,3791302,4767,1
"04 05 57.66 +71 16 39.4",6659,177,1178,1006163,10013,1
"01 07 29.38 +02 44 08.2",503,178,1380,1020267,1862,1
"01 07 38.59 +25 57 28.2",3019,181,804,1015653,4533,1
"06 52 56.94 -00 23 55.3",11132,180,934,997230,14714,1
"03 13 01.19 +13 41 00.8",2378,183,1110,1017893,2626,1
"03 21 36.52 +19 19 33.9",384,176,409,1021955,1266,1
"04 04 55.20 +67 27 20.9",4162,178,501,1014810,4539,1
"07 18 51.66 +17 52 03.0",7114,180,265,1008362,8269,1
"02 35 23.28 -02 27 45.3",3508,182,768,1013252,6480,1
"00 51 48.49 +46 26 35.3",6121,179,822,1009695,7373,1
"03 57 39.99 +57 15 39.9",773,189,7964,1003742,11522,1
"07 57 51.37 +69 53 04.9",3623,204,1279,1016550,2534,1
"02 33 47.13 +22 23 18.9",1778,180,791,1015535,5906,1
"04 58 55.34 +06 25 53.7",5356,180,608,1013870,4176,1
"01 37 37.71 +07 08 47.5",5268,184,954,1007120,10664,1
"02 49 49.07 +39 45 50.1",826,188,3386,1014622,5168,1
"04 48 42.58 +35 11 08.2",1533,178,1878,1019504,1097,1
"06 59 14.54 +40 52 12.2",4239,178,352,1014918,4503,1
"02 52 08.25 +15 35 35.4",1358,187,1175,1015996,5474,1
"03 13 02.79 +32 53 47.2",2042,185,6694,1004208,11061,1
"02 41 11.93 +23 12 24.5",682,174,971,1020644,1719,1
"02 36 30.10 +22 15 37.1",962,180,420,1021000,1628,1
"04 11 35.32 +25 20 53.0",488,177,2983,1016097,4445,1
"07 28 20.77 +31 00 13.0",3334,180,506,1017189,2981,1
"02 01 14.22 +67 54 03.4",2631,181,1333,1016443,3602,1
"05 35 15.32 +08 24 19.3",882,184,5345,1012511,5268,1
"02 24 18.72 +63 42 57.9",5912,184,810,1009086,8198,1
"07 22 31.45 +08 49 13.0",8547,181,1423,1006299,7740,1
"06 37 34.18 +13 05 26.3",13563,181,399,997359,12688,1
"03 58 23.26 +25 39 04.2",1449,180,4651,1013447,4463,1
"07 59 55.43 +23 43 09.5",519,182,2299,1018319,2871,1
"03 50 50.19 +45 45 34.2",2724,182,2994,1012899,5391,1
"07 35 21.79 +46 00 10.1",2048,178,151,1017193,4620,1
"07 51 21.82 +28 58 17.8",1392,188,3217,1015615,3778,1
"00 14 25.30 +36 09 26.6",1162,180,394,1020608,1846,1
"07 14 06.54 +03 40 04.7",8039,183,563,1008292,7113,1
"00 09 23.68 +48 19 39.8",4541,182,706,1013778,4983,1
"04 56 12.49 +24 14 49.7",3353,179,780,1015522,4356,1
"02 00 27.66 +19 15 05.7",1115,176,1274,1018286,3339,1
"03 24 17.40 +72 22 10.8",1334,181,614,1019946,2115,1
"07 03 23.84 +01 32 20.2",780,180,12380,997295,13555,1
"07 31 57.72 +36 13 09.8",6177,181,3910,1011292,2630,1
"07 22 06.48 +03 35 10.4",12332,176,415,999510,11757,1
"04 23 15.79 +65 30 36.3",464,187,1393,1020235,1911,1
"01 02 03.20 +02 13 49.1",912,183,3440,1017025,2630,1
"04 01 27.42 +48 45 44.8",3842,178,1502,1005967,12701,1
"04 44 18.40 +03 25 49.8",7230,178,493,1009779,6510,1
"07 54 59.81 +04 45 42.6",2031,180,1114,1014395,6470,1
"03 38 50.33 +15 21 05.6",1247,183,1935,1015991,4834,1
"02 34 14.46 +09 16 02.3",509,182,509,1020951,2039,1
"00 15 19.60 +17 53 54.3",584,183,689,1020347,2387,1
"01 13 45.71 +35 41 31.7",4772,187,416,1014409,4406,1
"00 12 36.51 -04 23 18.6",2093,185,8310,3790766,16371,1
"07 30 42.71 +48 11 54.9",3243,180,1177,1017166,2424,1
"00 31 36.54 +50 57 26.4",4508,179,711,1012640,6152,1
"01 07 49.87 +70 00 39.4",437,184,5472,1008763,9334,1
"03 58 52.19 +13 42 23.3",1581,176,759,1017206,4468,1
"01 53 10.30 +09 11 26.8",1662,184,862,1019448,2034,1
"06 50 32.50 +84 53 31.9",5376,184,1902,1009898,6830,1
"00 38 34.68 +47 37 50.0",6128,185,1822,1008865,7190,1
"07 38 29.97 -03 11 29.4",11673,181,490,1005335,6511,1
"02 00 20.17 +26 36 00.1",2445,178,1914,1017678,1975,1
"05 39 09.17 +23 17 17.7",3745,185,1151,1006397,12712,1
"00 48 15.97 +33 20 34.9",823,177,885,1020207,2098,1
"00 18 03.25 -06 31 00.9",2091,192,3732,3806804,4906,1
"02 06 19.92 +45 38 03.7",8101,179,506,1005497,9907,1
"01 16 59.50 +46 53 23.4",6122,180,1452,1007906,8530,1
"01 58 25.87 +37 56 48.0",892,185,3255,1013302,6556,1
"00 01 27.47 +27 19 54.9",804,180,1230,1019798,2178,1
"05 31 09.56 +63 20 40.6",3587,187,637,1012322,7457,1
"06 00 49.77 +68 09 18.9",2186,178,2964,1017092,1770,1
"01 00 18.23 +07 57 00.8",1914,183,801,1016810,4482,1
"03 22 44.95 +10 37 24.7",954,176,1344,1021323,393,1
"02 11 11.25 +27 07 34.3",2473,179,868,1018633,2037,1
"05 23 43.65 +73 47 26.0",13696,178,571,998559,11186,1
"00 30 10.07 +50 07 45.3",691,179,3851,1014412,5057,1
"06 22 55.87 +45 17 49.0",4976,186,941,1014260,3827,1
"04 16 43.09 +24 47 13.8",2030,178,1109,1019556,1317,1
"01 27 52.37 +24 55 02.2",2297,178,1148,1012140,8427,1
"03 52 39.87 +05 32 26.9",264,178,561,1022719,468,1
"02 50 59.09 +13 17 08.0",1117,183,993,1019915,1982,1
"04 52 24.73 +12 50 21.2",177,189,1158,1021534,1132,1
"00 52 54.01 -00 38 24.9",2632,183,1614,1017065,2696,1
"04 02 53.57 +22 08 11.7",4600,179,275,1011165,7971,1
"06 10 48.30 +03 15 13.0",1051,200,867,1018441,3631,1
"07 00 10.40 +16 59 23.1",9789,182,57,1003734,10428,1
"03 17 16.45 +45 53 27.6",7109,183,4974,995882,16042,1
"06 04 02.17 +06 33 43.7",8301,181,315,1007563,7830,1
"06 52 33.18 +58 20 04.7",737,185,2730,1015665,4873,1
"00 47 07.90 -04 58 47.8",4566,181,4143,3796927,11908,1
"00 11 50.18 +39 19 36.5",3542,174,797,1011558,8119,1
"04 09 43.00 +00 06 57.0",292,182,4546,1010544,8626,1
"01 00 30.94 +09 33 09.8",1384,175,472,1020947,1212,1
"01 21 48.21 -00 10 53.0",1466,182,1363,1019341,1838,1
"07 25 03.64 +06 38 49.9",10929,182,2231,1001544,9304,1
"03 29 43.21 +60 30 14.4",3360,184,974,1011911,7761,1
"05 44 27.61 +37 49 41.2",4114,184,1089,1011114,7689,1
"04 13 12.93 +00 27 56.3",529,173,709,1021961,818,1
"02 32 57.88 +19 55 11.5",2932,176,544,1014052,6486,1
"02 14 52.13 +13 52 42.0",1201,177,339,1020826,1647,1
"02 48 31.06 +32 46 19.9",1283,182,590,1018421,3714,1
"07 56 44.79 +46 19 57.2",1083,179,435,1021119,1374,1
"04 59 02.62 +67 32 11.1",3286,182,1211,1012257,7254,1
"02 40 08.66 +02 55 06.7",3636,178,1532,1011656,7188,1
"00 39 33.77 +28 03 32.4",2721,184,2285,1011370,7630,1
"00 40 47.49 -07 13 57.5",55864,184,6296,3669483,85898,1
"00 57 41.57 +04 41 03.3",1758,183,1092,1019375,1782,1
"01 46 42.88 +02 14 28.4",434,184,1867,1019378,2327,1
"06 46 27.70 +19 29 06.2",9615,178,610,1004848,8939,1
"00 51 24.03 +26 35 32.4",1887,183,283,1019498,2339,1
"00 07 11.93 +47 24 46.9",5608,176,463,1006970,10973,1
"05 08 55.27 +20 38 49.4",1220,184,3774,1015283,3729,1
"07 09 13.51 +61 09 31.6",753,181,2743,1017946,2567,1
"01 54 28.04 +57 41 27.9",356,181,10857,1002498,10298,1
"02 42 28.99 +33 29 40.5",2042,183,1043,1017368,3554,1
"03 23 07.31 +13 38 41.9",910,181,693,1021511,895,1
"02 49 35.19 +75 01 26.5",4204,213,2422,1008537,8814,1
"00 40 47.43 +20 15 54.3",521,187,737,1021596,1149,1
"01 13 00.89 +24 45 41.3",932,178,420,1021219,1441,1
"01 56 25.41 -04 57 12.8",5437,195,10171,3773810,28112,1
"02 40 34.86 +34 19 51.5",6279,174,3486,1008324,5927,1
"07 17 08.96 +47 39 18.1",1075,178,2827,1012420,7690,1
"03 16 27.89 +36 48 28.3",1992,177,787,1017175,4059,1
"02 01 15.09 +02 18 25.7",299,181,977,1020997,1736,1
"02 12 39.70 +16 14 06.6",456,178,559,1022142,855,1
"00 50 53.28 +12 14 56.0",740,183,368,1021860,1039,1
"02 00 57.33 -05 10 44.5",2691,185,5020,3794483,15346,1
"04 14 31.10 +28 51 51.6",1820,183,1439,1017204,3544,1
"04 54 44.92 +18 30 05.1",2082,181,863,1017189,3875,1
"00 07 25.16 -05 18 46.5",2070,186,1182,3806637,7650,1
"04 24 49.26 +01 06 56.1",1514,183,1441,1017289,3763,1
"03 04 57.22 +04 38 40.3",1656,179,538,1020186,1631,1
"04 54 32.63 +65 03 42.5",4279,178,2150,1009249,8334,1
"06 30 15.47 +65 34 22.4",943,181,599,1017264,5203,1
"07 27 50.77 +42 28 19.8",2036,184,394,1017973,3603,1
"07 50 15.34 +07 11 37.3",270,184,2163,1016578,4995,1
"04 05 20.15 +22 00 32.2",31798,178,5400,944092,42722,1
"00 59 51.55 +27 01 28.8",3195,178,1771,1014621,4425,1
"00 12 09.10 +29 35 45.2",2173,177,327,1020194,1319,1
"07 50 59.96 +42 29 59.9",5310,176,3153,1011655,3896,1
"00 38 26.98 +14 50 21.0",858,184,676,1020820,1652,1
"01 57 46.20 +24 37 02.3",618,179,367,1022124,902,1
"02 27 10.94 +03 09 23.1",2696,177,956,1011693,8668,1
"06 03 14.86 +19 21 38.7",7147,182,5293,1007000,4568,1
"07 42 18.02 +04 20 22.2",4686,183,323,1015044,3954,1
"03 14 58.84 +27 16 16.4",399,183,1535,1020156,1917,1
"03 36 31.39 +13 05 44.7",1281,178,1541,1018805,2385,1
"01 50 05.46 +14 21 04.3",4919,183,481,1004927,13680,1
"01 05 24.74 +25 13 47.9",1290,179,969,1021164,588,1
"03 15 26.11 +80 42 35.0",2819,181,363,1017662,3165,1
"01 34 30.53 +78 03 46.6",1449,179,1912,1015837,4813,1
"02 03 51.09 +02 40 52.9",871,179,467,1021149,1524,1
"00 28 41.14 -04 49 14.0",9239,184,8157,3772449,27696,1
"03 56 36.21 +69 50 55.8",6574,185,2564,1005962,8905,1
"02 23 42.83 +25 02 49.9",400,180,1746,1017805,4059,1
"04 27 48.89 +47 52 16.1",573,180,1785,1019514,2138,1
"00 35 39.18 +19 28 38.3",2120,174,169,1017794,3933,1
"04 03 27.83 +04 17 31.0",1433,181,764,1018002,3810,1
"04 40 34.74 +61 02 33.8",2054,190,3969,1013689,4288,1
"03 42 22.53 -02 48 28.0",638,181,1068,1021531,772,1
"00 48 58.66 +25 12 35.3",673,183,1603,1019270,2461,1
"06 49 53.22 +29 42 03.8",795,180,11839,1004266,7110,1
"00 57 55.66 -03 25 11.6",3370,183,3444,3798825,11903,1
"00 55 26.78 +12 53 12.9",1720,181,1081,1015858,5350,1
"01 02 52.71 +47 02 49.8",4260,180,9420,1003477,6853,1
"01 40 53.62 +04 46 30.3",4226,179,645,1012066,7074,1
"00 33 01.41 +44 43 48.3",4333,179,1538,1013700,4440,1
"02 39 51.02 +40 09 47.0",3347,179,1375,1016127,3162,1
"01 57 51.37 +16 13 32.0",1677,179,797,1019912,1625,1
"02 09 19.42 +36 04 46.5",1555,177,400,1019824,2234,1
"07 42 00.57 +03 48 33.9",1385,180,4620,1012048,5957,1
"00 53 43.90 -03 37 04.4",0,182,367,3817072,104,1
"02 43 19.82 +28 43 51.4",1810,188,505,1017634,4053,1
"00 24 24.93 +11 15 20.5",1180,180,995,1021119,716,1
"03 29 49.60 +30 40 39.7",146,181,783,1021968,1112,1
"02 16 21.23 -07 30 46.2",2463,181,4665,3806672,3744,1
"01 01 07.98 +24 58 41.7",1465,177,1916,1017996,2636,1
"00 45 20.97 +14 21 46.5",3660,178,2220,1013667,4465,1
"02 50 51.58 +03 30 36.2",4147,184,3046,1008844,7969,1
"01 45 32.00 -06 44 07.1",1198,188,2328,3813523,488,1
"04 07 25.39 +05 21 20.5",1072,180,1327,1017691,3920,1
"03 32 12.57 +30 17 45.2",1144,183,1469,1017262,4132,1
"04 45 07.06 +37 26 40.9",605,183,1472,1019678,2252,1
"01 01 22.26 +27 58 59.2",1475,177,457,1019727,2354,1
"06 56 28.12 +40 04 27.6",11043,178,6571,999343,7055,1
"00 52 21.93 +20 56 32.8",2011,182,781,1016766,4450,1
"02 15 21.49 +11 26 25.7",585,185,1246,1020816,1358,1
"00 21 01.81 +18 27 06.2",1914,179,1123,1016873,4101,1
"00 56 17.47 +81 03 15.3",727,188,1313,1018617,3345,1
"07 48 21.85 +40 15 25.1",568,182,2224,1016027,5189,1
"07 40 57.41 +06 41 04.8",2975,181,548,1015375,5111,1
"01 01 15.57 +17 45 06.9",1106,182,1864,1017574,3464,1
"05 28 01.42 +00 11 57.0",6028,180,2045,1005258,10679,1
"01 04 56.47 +21 19 58.9",615,180,339,1019521,3535,1
"00 10 53.53 +17 05 00.5",1264,179,1170,1019965,1612,1
"07 17 04.39 +02 33 28.9",5889,187,422,1007893,9799,1
"00 12 33.52 +21 42 48.1",3346,184,3461,1015116,2083,1
"04 32 25.93 +34 56 03.0",1208,180,2151,1015677,4974,1
"01 00 47.52 +35 02 49.6",4785,172,158,1013616,5459,1
"00 00 23.33 +35 48 40.8",319,187,5428,1012895,5361,1
"03 03 23.27 +33 17 09.8",1585,179,428,1018791,3207,1
"02 23 55.45 -09 23 03.2",2135,183,3841,3807506,4060,1
"00 22 45.68 -04 57 13.3",2939,184,2491,3803936,8175,1
"03 20 37.00 +09 02 00.7",4615,182,3634,1011013,4746,1
"07 07 29.55 +18 32 32.9",13274,180,425,997789,12522,1
"06 38 07.35 +79 34 46.5",367,183,2294,1019560,1786,1
"02 58 16.65 -00 01 38.7",1454,179,309,1018754,3494,1
"01 36 27.85 +13 11 20.1",1341,173,314,1018663,3699,1
"00 35 59.05 +10 40 25.1",1252,181,1154,1019776,1827,1
"06 13 08.43 +05 22 37.2",31,192,8092,1006593,9282,1
"05 08 41.47 -00 09 07.4",1773,179,645,1020686,907,1
"04 02 25.47 +26 11 37.0",4679,180,933,1014605,3793,1
"02 35 22.73 +81 30 03.3",5056,174,1358,1012727,4875,1
"03 30 14.17 +74 02 09.6",3246,179,307,1016690,3768,1
"00 11 32.62 +30 36 46.7",1619,179,636,1020005,1751,1
"06 58 38.92 +06 12 37.5",12864,189,559,999069,11509,1
"01 33 49.29 +21 09 42.0",1013,181,932,1020155,1909,1
"05 51 30.49 +19 41 00.9",664,183,5418,1009513,8412,1
"02 37 05.16 +17 40 20.1",1284,181,4035,1011908,6782,1
"02 13 30.44 -05 02 13.4",5158,180,3930,3792927,15530,1
"04 10 38.31 +20 02 25.9",2123,182,2366,1016244,3275,1
"03 16 17.50 +27 03 35.0",3039,179,1081,1014341,5550,1
"02 17 53.68 +16 14 21.1",1696,178,1063,1019871,1382,1
"00 19 38.96 +64 56 59.1",1829,181,1354,1016246,4580,1
"00 59 52.76 +13 59 55.5",791,183,1316,1019718,2182,1
"03 26 36.25 +05 10 11.7",1388,179,1231,1017797,3595,1
"01 26 48.12 +68 14 52.9",5580,188,999,1011953,5470,1
"00 44 35.46 -06 52 54.4",6037,186,5568,3792086,13848,1
"00 08 30.39 -04 18 42.7",7097,189,7062,3785987,17390,1
"00 05 41.03 +45 48 43.3",12809,185,14202,985608,11386,1
"00 24 25.22 -12 17 24.5",6539,185,11805,3793833,5363,1
"00 04 28.38 +00 45 11.9",1106,176,296,1021197,1415,1
"02 14 26.31 -11 04 27.0",3390,185,3576,3800703,9871,1
"03 59 57.69 +59 41 38.5",2016,182,5016,1006955,10021,1
"05 40 46.40 +76 12 46.1",226,183,6164,1009104,8513,1
"01 59 03.50 +15 22 47.1",375,180,1347,1020136,2152,1
"02 35 12.69 +21 02 55.9",2491,174,330,1019192,2003,1
"03 29 38.48 +82 52 13.2",4743,178,382,1013119,5768,1
"07 13 19.74 +03 58 47.3",10150,179,2206,997922,13733,1
"01 02 18.55 +00 25 39.1",821,182,793,1021176,1218,1
"02 56 00.87 +12 20 45.7",2199,175,1097,1018813,1906,1
"01 09 10.45 -02 53 08.5",12088,187,7263,3752153,46034,1
"03 47 51.74 +13 36 37.1",762,179,867,1020217,2165,1
"03 53 06.93 +13 50 50.1",712,177,1584,1017361,4356,1
"04 28 49.45 +10 45 22.8",770,178,2260,1016536,4446,1
"00 17 05.88 -12 04 44.6",927,192,2686,3813323,597,1
"03 18 38.60 +08 27 06.7",2078,183,2057,1016719,3153,1
"05 31 32.74 +75 47 23.2",2023,191,332,1018355,3289,1
"01 45 59.15 +21 05 45.6",1824,182,629,1018494,3061,1
"00 14 30.34 +21 18 53.1",775,183,2352,1012292,8588,1
"04 04 24.26 +18 29 01.5",990,180,1004,1020462,1554,1
"03 47 26.36 +73 33 23.8",1211,185,4049,1012775,5970,1
"04 50 25.09 +63 19 58.6",7,183,10599,1009894,3507,1
"00 42 55.64 +22 39 37.1",2604,180,2764,1016574,2068,1
"02 06 51.12 +73 51 04.3",2067,184,567,1016048,5324,1
"05 54 33.41 +69 07 36.3",1108,183,6238,1008756,7905,1
"06 52 16.81 +11 35 51.8",13788,180,546,998134,11542,1
"00 16 20.31 +79 57 52.3",2173,174,667,1016975,4201,1
"01 22 18.72 +03 30 47.2",4039,177,1291,1012637,6046,1
"01 20 03.57 +38 59 25.7",2109,184,4058,1015309,2530,1
"03 51 00.79 +14 13 39.9",564,180,1012,1021094,1340,1
"02 23 19.46 +15 25 06.8",9171,177,2865,1002879,9098,1
"05 47 00.23 +05 37 20.3",663,179,613,1020531,2204,1
"01 19 00.29 +24 21 57.7",2021,180,901,1017076,4012,1
"01 01 50.61 +23 47 36.3",3115,183,390,1014528,5974,1
"01 36 41.18 +43 36 08.9",3508,180,234,1012700,7568,1
"06 05 03.49 +07 23 31.0",8516,188,611,1004720,10155,1
"00 10 25.53 +21 51 03.7",3089,186,951,1016726,3238,1
"02 13 33.17 -09 45 10.2",2890,187,21235,3754907,38506,1
"00 57 18.11 +25 17 33.2",5944,182,789,1008201,9074,1
"07 50 58.00 +04 29 00.3",3227,186,4942,996133,19702,1
"07 43 10.75 +04 24 01.0",5443,181,1062,1008123,9381,1
"00 22 39.19 +35 38 12.4",1790,180,549,1018787,2884,1
"02 43 07.03 +03 29 50.7",1210,180,1062,1018040,3698,1
"02 31 50.67 +59 56 08.8",3682,180,434,1014571,5323,1
"05 35 50.76 +41 48 41.5",7745,182,508,1007213,8542,1
"00 30 07.23 -09 46 18.9",1579,185,3135,3806652,6174,1
"03 20 21.23 +23 41 21.9",333,182,17313,988243,18119,1
"01 26 36.75 +00 37 30.9",471,184,699,1020234,2602,1
"01 13 56.54 +10 03 56.0",768,187,1122,1020267,1846,1
"03 05 45.99 +33 49 05.0",2282,181,175,1017706,3846,1
"01 07 37.87 +22 57 17.9",6262,177,6989,1008208,2554,1
"03 16 57.14 +39 39 18.3",2950,182,1198,1013062,6798,1
"07 08 30.32 +45 12 07.7",4476,182,793,1013213,5526,1
"01 44 24.95 +24 22 04.5",1344,179,809,1020497,1361,1
"06 26 12.85 +11 55 16.2",372,192,7109,1009839,6678,1
"00 48 35.48 +10 52 22.3",880,180,551,1020737,1842,1
"00 09 20.89 +09 00 57.9",1296,184,1611,1020362,737,1
"03 37 35.21 -01 03 22.0",709,182,1944,1017639,3716,1
"02 42 51.31 +27 16 51.5",465,186,1531,1019266,2742,1
"02 43 47.28 +23 27 47.9",1487,180,567,1019755,2201,1
"05 27 46.97 +44 36 12.3",4210,187,1710,1008109,9974,1
"02 05 15.52 +23 52 15.5",630,182,2935,1017827,2616,1
"03 02 09.81 +26 00 47.6",2245,182,1885,1015937,3941,1
"01 41 51.57 +47 46 22.9",8180,183,1413,1006177,8237,1
"02 08 14.08 +23 56 11.9",2071,185,3004,1010565,8365,1
"03 12 08.47 +15 37 23.5",3079,180,1789,1013070,6072,1
"04 10 33.72 +20 51 39.3",1285,177,1135,1017798,3795,1
"07 47 23.50 +24 38 23.7",3859,187,18,1014961,5165,1
"01 07 38.64 -07 33 12.9",5043,177,3407,3798437,10661,1
"02 03 25.89 +06 48 01.0",1545,178,1081,1019590,1796,1
"07 29 28.78 +09 19 45.7",3955,179,286,1012917,6853,1
"01 48 28.10 +75 28 28.1",6935,186,1629,1004251,11189,1
"04 02 08.45 +11 07 19.8",1894,178,1592,1017339,3187,1
"01 24 51.03 +18 02 35.0",592,179,486,1022504,429,1
"00 28 47.69 +57 56 02.2",7897,182,1137,1008790,6184,1
"00 39 10.71 +39 25 16.1",1859,177,406,1019883,1865,1
"01 28 26.44 +26 54 20.6",1141,188,686,1020752,1423,1
"07 09 42.68 +46 01 32.8",2360,197,1375,1017363,2895,1
"01 16 50.12 +22 55 07.7",1830,182,241,1018401,3536,1
"02 12 20.01 +12 49 28.7",687,182,524,1022797,0,1
"02 09 04.88 +43 41 25.1",975,183,3828,1014891,4313,1
"01 24 28.17 +17 40 13.4",1160,179,626,1021383,842,1
"05 30 01.66 +12 07 26.6",3104,183,1334,1011709,7860,1
"01 52 37.16 +39 56 53.3",1944,179,899,1018096,3072,1
"00 54 42.20 +58 28 38.9",453,181,13643,996571,13342,1
"06 36 12.04 +74 56 12.8",3521,187,1029,1014101,5352,1
"01 16 50.07 +26 03 27.5",3108,183,1284,1013877,5738,1
"03 22 47.07 -00 42 18.2",1708,179,719,1019558,2026,1
"06 38 44.79 +07 24 10.8",6391,182,199,1011262,6156,1
"07 10 25.24 +34 30 57.1",4566,180,602,1014770,4072,1
"02 12 39.74 +01 18 31.7",932,184,1111,1021516,447,1
"00 42 19.69 +04 44 46.1",5493,187,364,1010218,7928,1
"00 09 15.74 +25 16 55.0",2955,185,13682,994644,12724,1
"03 47 06.95 +05 20 16.8",1045,179,514,1020827,1625,1
"00 04 21.65 +28 29 24.0",2408,182,568,1017650,3382,1
"06 37 57.96 +39 45 10.7",2661,185,1134,1015771,4439,1
"04 48 04.93 +59 40 35.2",3397,181,563,1013161,6888,1
"04 12 19.12 +24 52 13.3",3028,180,522,1016910,3550,1
"01 06 29.94 +33 36 14.8",1748,178,740,1019229,2295,1
"02 11 57.98 +04 21 41.7",1483,181,2000,1016300,4226,1
"01 07 54.92 +01 15 34.5",2112,184,632,1018876,2386,1
"06 42 11.19 +03 34 52.6",1597,180,12824,1002150,7439,1
"06 04 30.66 +13 57 52.9",6707,183,2092,1004523,10685,1
"05 54 15.53 +39 15 41.8",4848,188,3216,1006446,9492,1
"00 22 17.44 +67 08 49.5",356,183,1762,1019774,2115,1
"01 19 33.88 +24 49 56.1",1219,184,493,1020128,2166,1
"02 08 12.41 +15 08 44.3",1398,178,1414,1018112,3088,1
"02 20 30.15 +34 14 32.7",5982,181,1606,1008901,7520,1
"00 51 48.59 +71 25 21.9",4677,182,391,1014495,4445,1
"03 46 14.82 +17 09 09.8",5663,175,1038,1011811,5503,1
"01 26 04.18 +09 24 38.6",948,181,231,1021749,1081,1
"00 55 15.34 +38 47 39.6",685,182,8514,1009100,5709,1
"04 20 11.20 +33 35 37.0",3602,177,1964,1008064,10383,1
"04 42 43.33 +62 29 39.7",1814,191,1308,1016606,4271,1
"02 17 23.13 +70 45 37.4",3389,177,1058,1013180,6386,1
"00 01 19.40 +03 51 28.0",1227,179,1431,1019904,1449,1
"01 39 59.19 +26 11 08.1",2074,179,2724,1017546,1667,1
"01 08 16.60 +27 52 51.4",410,180,1136,1019917,2547,1
"00 39 11.15 +34 29 42.4",1575,173,185,1019731,2526,1
"04 01 50.03 +21 04 19.3",604,182,1224,1019772,2408,1
"01 32 19.16 +45 59 26.9",2140,182,8013,1002587,11268,1
"04 50 10.02 +14 46 10.7",1863,182,1570,1016948,3627,1
"00 33 03.74 +29 14 32.3",1372,176,155,1020263,2224,1
"01 07 14.65 +14 28 23.8",808,193,519,1019928,2742,1
"00 43 12.52 +01 28 15.1",829,183,628,1020582,1968,1
"01 21 32.50 +39 20 35.3",3708,188,1568,1014761,3965,1
"06 07 52.65 +35 20 30.5",4260,184,394,1013443,5909,1
"00 06 55.74 +23 28 21.0",9327,178,1508,1004726,8451,1
"03 52 34.62 +11 52 37.3",359,181,886,1021742,1022,1
"01 26 40.56 +14 20 56.9",393,179,1675,1018426,3517,1
"07 48 07.51 +50 13 04.5",1501,178,6263,1009992,6256,1
"04 54 16.64 +07 22 22.9",19047,177,3688,978084,23194,1
"03 00 35.78 +38 08 25.9",5404,178,751,1009882,7975,1
"02 10 06.22 +20 05 11.0",966,174,1222,1020330,1498,1
"05 50 01.78 +10 44 02.7",7167,179,156,1010061,6627,1
"01 19 29.98 -00 02 29.5",1192,180,1574,1019946,1298,1
"07 38 13.85 -02 17 35.5",10348,178,426,1002077,11161,1
"05 01 01.03 +03 01 25.3",2038,180,889,1017079,4004,1
"03 41 53.54 +35 14 47.1",1684,178,714,1019260,2354,1
"05 51 50.28 +50 51 56.6",7420,178,1265,1008931,6396,1
"07 47 02.80 +27 56 41.3",6373,184,642,1007147,9844,1
"02 42 15.40 +14 14 55.1",1158,177,1176,1019902,1777,1
"02 05 21.56 +51 10 30.1",8111,186,1010,999944,14939,1
"05 03 16.09 +21 23 56.2",2943,184,2977,1013686,4400,1
"01 02 52.33 -04 30 26.2",886,178,2242,3813376,1043,1
"05 18 40.15 +67 29 40.5",3790,178,2483,1007229,10510,1
"02 17 55.54 +19 40 50.1",2883,179,1014,1012321,7793,1
"00 57 26.45 +07 55 52.7",1541,182,1101,1017217,4149,1
"04 12 03.59 +21 56 50.5",4643,184,1552,1010330,7481,1
"00 46 51.27 +05 33 24.7",1455,181,566,1019326,2662,1
"02 06 17.34 +02 37 41.2",719,181,1729,1016143,5418,1
"05 37 00.76 +05 21 22.0",327,184,2059,1016678,4942,1
"01 49 17.74 +18 07 38.8",551,191,320,1021879,1249,1
"00 27 12.68 +50 44 25.3",5101,180,342,1011885,6682,1
"03 36 26.04 +73 11 52.5",1882,179,5436,1013100,3593,1
"04 07 57.53 +04 44 37.8",1639,181,1630,1016893,3847,1
"03 21 20.59 +43 02 02.8",1087,181,3293,1009371,10258,1
"02 51 11.59 +40 40 29.0",2759,181,1024,1016762,3464,1
"01 45 33.47 +11 47 34.9",1204,175,481,1019920,2410,1
"03 19 59.25 +02 04 01.7",770,179,239,1021484,1518,1
"02 40 09.93 +14 38 47.6",1376,183,1528,1016033,5070,1
"05 36 26.38 +21 59 35.1",19748,183,953,981094,22212,1
"07 39 03.49 +77 34 52.3",2034,182,565,1019366,2043,1
"04 17 24.08 +19 45 42.2",778,185,2513,1014777,5937,1
"07 53 32.43 +11 08 49.6",4771,182,253,1011311,7673,1
"06 11 19.97 -00 38 25.0",2970,184,738,1013774,6524,1
"04 05 25.32 +20 00 06.4",3303,182,1119,1013128,6458,1
"02 33 20.57 +76 59 14.6",1247,186,1551,1016596,4610,1
"00 34 17.79 +27 34 00.2",1665,183,370,1020222,1750,1
"01 33 16.56 +13 56 34.2",761,182,1875,1019764,1608,1
"00 50 15.43 +62 34 51.1",2054,180,1633,1011732,8591,1
"04 46 35.06 +10 59 39.3",911,180,1094,1019271,2734,1
"05 39 41.70 +17 41 51.8",9114,180,814,1007481,6601,1
"03 07 49.91 +12 23 04.3",1372,181,1073,1019447,2117,1
"00 47 04.72 +27 00 19.8",1592,182,2181,1015296,4939,1
"01 05 43.63 +33 04 19.5",2690,179,278,1015698,5345,1
"02 15 42.32 -02 17 13.5",1305,183,1098,1020452,1152,1
"04 08 28.93 +09 09 27.3",1082,177,1384,1017104,4443,1
"03 13 29.33 +28 17 44.3",1323,178,1084,1020733,872,1
"05 46 01.56 +33 16 21.2",6559,207,1027,1005560,10837,1
"03 28 03.72 +26 31 51.9",2836,181,764,1017774,2635,1
"00 21 39.07 +21 44 13.9",853,180,2544,1015079,5534,1
"00 51 13.51 +58 39 53.0",11375,177,1214,1000899,10525,1
"01 29 56.69 +35 55 07.4",1701,182,333,1018310,3664,1
"02 51 14.65 +36 00 15.5",3051,177,651,1016332,3979,1
"06 48 47.07 +66 16 44.0",528,184,3353,1016458,3667,1
"01 12 03.02 +13 51 26.0",1313,181,2553,1017381,2762,1
"02 28 33.76 +46 00 25.3",5946,182,1462,1005223,11377,1
"02 39 11.11 -09 33 17.1",959,187,9513,3789387,17679,1
"02 51 07.90 +06 48 23.3",995,180,1485,1019896,1634,1
"07 24 29.79 +11 56 56.3",3880,177,260,1015127,4746,1
"02 26 34.68 +32 48 22.5",908,182,437,1022265,398,1
"00 39 55.02 -10 51 08.6",2277,186,2330,3802390,10542,1
"02 25 52.00 +42 28 04.2",1854,178,730,1015988,5440,1
"04 01 53.37 +13 10 36.2",1023,177,938,1020919,1133,1
"05 20 02.29 +45 46 51.9",4586,176,3013,1007926,8489,1
"01 26 55.17 +12 00 25.9",3628,176,1957,1015993,2436,1
"06 53 34.22 +58 17 00.9",803,182,3322,1013733,6150,1
"03 16 06.07 +30 13 57.2",1197,179,743,1019454,2617,1
"05 07 51.86 +02 57 31.9",3412,177,1863,1013150,5588,1
"02 27 41.12 +06 13 53.9",1336,186,1493,1017039,4136,1
"04 07 34.35 +38 04 28.3",5886,186,9385,986354,22379,1
"00 03 19.71 +31 02 31.1",3458,180,337,1014507,5708,1
"07 15 21.39 +20 35 55.7",1561,180,4205,1014684,3560,1
"01 57 09.61 -10 14 32.7",43721,184,62580,3600849,110391,1
"01 20 35.21 +06 42 10.6",1244,182,395,1020371,1998,1
"04 33 07.94 -00 44 40.7",1025,184,453,1019834,2694,1
"05 47 59.89 +70 24 16.2",5227,180,542,1010023,8218,1
"00 11 16.80 +06 25 17.0",264,183,448,1022482,813,1
"06 16 31.55 +70 40 12.3",1800,181,503,1020333,1373,1
"02 35 54.25 +15 14 55.9",1367,183,754,1016928,4958,1
"02 23 20.62 +22 30 03.9",2484,184,617,1018858,2047,1
"01 20 49.04 +11 27 28.8",817,189,9352,1002706,11126,1
"05 34 15.14 +10 19 14.2",6212,182,1949,1011267,4580,1
"01 33 15.33 -00 13 59.6",977,179,394,1021195,1445,1
"01 02 26.28 +41 02 09.9",1444,181,4507,1013973,4085,1
"00 01 06.67 +19 52 24.8",861,183,394,1020875,1877,1
"03 29 44.38 +03 55 39.4",1660,181,1848,1017276,3225,1
"02 54 26.73 -00 29 41.4",6096,181,4830,3787876,18742,1
"03 34 08.65 +05 50 13.7",3280,177,1678,1012452,6603,1
"03 59 37.53 +12 04 04.4",542,184,319,1021887,1258,1
"00 45 17.81 +01 40 43.2",1790,176,1874,1020308,42,1
"01 56 11.70 -03 09 40.3",1381,187,3499,3806719,5939,1
"00 53 11.06 +31 44 13.2",1259,185,2761,1015352,4633,1
"00 44 49.18 -00 06 41.6",1613,181,1559,1020163,674,1
"00 19 41.36 +60 45 41.4",10079,198,1725,1001509,10679,1
"05 29 27.02 +15 34 38.3",1394,176,3487,1016252,2881,1
"02 00 01.17 +07 32 46.8",1424,177,502,1019459,2628,1
"01 47 01.81 +76 54 04.8",820,181,1219,1019594,2376,1
"01 59 19.44 -04 16 30.6",4105,185,13802,3780674,18959,1
"01 11 50.94 +26 46 16.8",546,177,1013,1020443,2011,1
"02 27 04.40 +39 20 00.7",3732,179,1250,1014623,4406,1
"02 42 23.13 +02 46 40.9",1770,182,1461,1017533,3244,1
"00 06 33.94 -04 35 11.2",2175,180,1332,3808913,5125,1
"04 20 01.52 +06 57 35.4",1782,179,796,1018073,3360,1
"02 53 14.83 -10 07 26.7",5509,185,8841,3775708,27482,1
"02 25 55.49 +60 48 59.7",2471,179,1190,1014317,6033,1
"05 36 10.68 +19 10 23.2",8205,179,379,1003548,11879,1
"02 39 01.84 +21 08 18.4",886,180,331,1021435,1358,1
"00 12 43.50 -12 51 25.0",3186,178,8709,3794862,10790,1
"05 47 34.13 +72 53 49.0",3452,178,564,1016340,3656,1
"03 07 29.51 +02 40 48.2",753,178,610,1021173,1476,1
"02 16 06.02 +16 50 37.5",1954,179,708,1017985,3364,1
"01 17 57.82 -12 08 24.8",1122,188,4520,3802759,9136,1
"06 38 07.56 +22 19 47.4",1264,185,9398,1005930,7413,1
"03 20 58.26 -00 55 38.8",496,183,3039,1016202,4270,1
"03 18 38.55 +15 26 25.0",4434,175,1250,1014398,3933,1
"03 24 26.04 +08 10 19.3",734,181,649,1020219,2407,1
"01 12 51.46 +14 19 57.6",864,181,781,1020168,2196,1
"01 17 53.65 +06 19 47.6",2398,180,508,1016949,4155,1
"02 15 34.10 +33 07 56.1",2775,176,674,1018948,1617,1
"03 10 44.02 +22 25 09.7",2052,179,987,1016605,4367,1
"02 34 03.02 +09 50 14.0",440,178,324,1023063,185,1
"04 21 56.37 +57 01 24.9",2065,183,1142,1018165,2635,1
"00 50 18.78 +10 52 16.0",1503,175,1853,1017190,3469,1
"04 42 19.90 +81 03 31.2",3497,186,1731,1015786,2990,1
"00 40 53.57 -01 14 05.8",1338,179,718,1016614,5341,1
"07 04 54.51 +28 07 01.3",8618,183,429,1004693,10267,1
"05 28 51.63 +12 33 03.0",12683,176,2910,985996,22425,1
"02 06 06.63 +30 26 25.2",3719,184,606,1014688,4993,1
"03 08 28.02 +28 25 17.8",1529,187,707,1019197,2570,1
"03 38 04.47 +29 52 32.5",1373,179,822,1019172,2644,1
"00 19 43.03 +19 51 12.0",1326,179,1014,1019351,2320,1
"04 21 10.54 +06 26 42.0",411,183,321,1022500,775,1
"05 35 05.23 -02 38 56.6",3258,182,758,1015984,4008,1
"02 53 40.36 +38 14 40.6",6491,184,650,1006097,10768,1
"02 55 36.57 -07 34 17.7",5920,185,2849,3802810,5961,1
"03 48 01.03 +68 40 22.4",3025,187,8214,1001349,11415,1
"00 04 27.84 +18 51 07.7",1146,183,348,1020318,2195,1
"03 44 44.75 +40 41 50.7",2555,180,1178,1012700,7577,1
"02 51 30.43 +34 06 37.5",2217,183,5111,1009241,7438,1
"01 02 28.43 +09 32 41.8",1664,180,1018,1018561,2767,1
"01 13 52.98 -10 28 58.5",3276,178,2638,3803865,7768,1
"04 38 45.89 +80 36 12.0",613,183,3933,1015454,4007,1
"02 13 03.93 +13 03 01.3",2316,181,440,1015630,5623,1
"02 52 55.92 +25 51 16.2",1249,180,400,1018924,3437,1
"07 58 36.78 +07 59 39.4",5168,177,2541,1006135,10169,1
"04 23 16.87 +17 00 41.6",379,178,516,1022404,713,1
"00 30 49.20 -03 51 45.8",4889,181,6195,3802894,3566,1
"01 10 08.74 +24 05 37.5",1353,178,531,1020462,1666,1
"03 37 54.39 -02 30 42.0",3023,181,1634,1012339,7013,1
"04 37 20.13 +21 32 23.2",3043,184,676,1016761,3526,1
"03 49 08.45 +59 37 40.8",1549,181,3045,1015140,4275,1
"01 35 19.41 +08 20 31.3",2053,183,288,1017773,3893,1
"04 30 06.37 +09 02 27.8",1145,181,484,1018632,3748,1
"03 24 06.48 +23 47 06.1",3633,187,4066,1014008,2296,1
"02 36 50.35 +20 12 40.2",1466,181,291,1020750,1502,1
"00 07 48.35 +58 00 50.3",8699,179,457,1007815,7040,1
"00 31 38.98 +12 09 17.6",771,186,810,1021654,769,1
"00 36 26.68 -06 38 13.3",8560,180,13296,3773546,22143,1
"02 04 37.26 +17 57 15.2",1026,178,604,1019556,2826,1
"06 33 56.41 +59 07 33.4",6382,181,736,1010669,6222,1
"00 02 15.38 +07 33 59.6",635,183,381,1022251,740,1
"00 39 46.81 +00 16 00.7",1630,186,1214,1017940,3220,1
"02 30 44.11 +40 28 52.8",3448,178,1818,1013775,4971,1
"01 49 06.58 +06 24 03.8",2077,180,2200,1016456,3277,1
"03 31 28.21 +07 49 46.9",1181,185,901,1021087,836,1
"02 23 38.34 -11 29 42.4",3826,182,2841,3803557,7319,1
"06 58 58.55 +28 42 58.6",8946,181,324,1008852,5887,1
"03 26 34.61 +39 29 07.1",4774,178,1493,1012486,5259,1
"07 46 20.02 +57 54 22.2",3135,197,2399,1016464,1995,1
"01 04 13.36 +22 56 44.1",1948,182,1454,1019121,1485,1
"06 25 52.77 +18 08 36.7",9328,182,292,1007218,7170,1
"01 45 50.28 +00 43 06.3",3798,182,363,1018821,1026,1
"02 14 01.38 +16 51 47.2",812,184,1577,1021049,568,1
"03 18 27.14 +15 10 38.6",2991,183,11917,997845,11254,1
"07 22 13.72 +06 23 09.5",7693,186,770,1003950,11591,1
"00 14 54.26 +46 48 12.6",9599,181,1579,997531,15300,1
"02 58 44.74 +35 53 55.9",1005,185,2282,1013614,7104,1
"00 50 03.65 +16 06 07.8",2167,177,1069,1015035,5742,1
"02 11 27.60 +09 35 44.0",3621,175,1851,1013622,4921,1
"04 32 55.57 +00 06 29.4",3274,180,1953,1015916,2867,1
"06 16 50.32 +44 42 20.5",7620,182,5711,996920,13757,1
"07 43 43.96 -00 04 00.9",9352,184,2736,1006206,5712,1
"00 20 10.74 +44 43 07.3",16615,184,5988,995785,5618,1
"01 24 49.44 +39 47 28.3",2357,180,229,1017618,3806,1
"04 04 38.76 +26 16 49.6",1240,182,245,1022035,488,1
"04 53 01.05 +11 16 02.1",3651,185,1205,1011486,7663,1
"05 23 03.48 +18 44 47.0",2114,185,7592,1001942,12357,1
"00 12 06.75 +47 04 10.3",6869,179,627,1007319,9196,1
"02 55 19.62 +08 22 52.1",958,180,1882,1018006,3164,1
"07 31 42.74 +19 57 54.8",5725,172,2227,1009286,6780,1
"05 24 49.76 +03 15 15.4",4786,189,2580,1012705,3930,1
"01 48 40.65 +33 06 07.0",2341,185,4359,1013712,3593,1
"05 25 01.48 +20 14 28.5",1785,187,6584,1009124,6510,1
"01 00 05.75 +12 46 12.6",477,182,236,1023137,158,1
"03 20 52.06 +12 09 56.3",839,180,1064,1021430,677,1
"03 06 35.88 +00 25 47.5",641,183,786,1021278,1302,1
"03 23 27.30 +15 06 52.0",722,183,1388,1021319,578,1
"04 54 56.54 +30 25 36.9",1109,182,3106,1017215,2578,1
"04 43 55.04 +24 07 16.5",549,182,603,1021508,1348,1
"06 21 36.59 +16 18 36.1",6828,185,4399,995931,16847,1
"03 24 50.55 +25 03 17.6",3404,180,1237,1016297,3072,1
"01 54 20.20 +65 41 52.1",2129,183,1960,1016498,3420,1
"01 26 59.19 +14 59 51.5",926,185,904,1019183,2992,1
"07 40 44.49 +15 57 03.5",4658,184,1554,1007557,10237,1
"00 45 20.89 +31 33 00.0",1829,187,1039,1016077,5058,1
"00 39 49.56 +28 16 53.6",864,182,776,1020447,1921,1
"04 01 23.56 +01 06 49.0",1499,178,787,1020013,1713,1
"03 57 28.70 -01 09 34.0",3016,181,3878,1007648,9467,1
"00 52 55.60 -08 55 32.0",9359,186,11802,3784068,12310,1
"02 02 03.16 +03 56 25.1",5471,183,3282,1012909,2345,1
"01 31 05.80 +20 09 19.3",1350,182,979,1021025,654,1
"03 42 37.53 +48 32 50.9",643,185,5211,1010802,7349,1
"06 15 40.49 +34 27 03.8",3901,177,148,1016822,3142,1
"05 20 51.74 +26 41 52.8",1511,183,1692,1016812,3992,1
"01 11 41.81 +26 49 41.8",1054,180,1057,1021177,722,1
"03 57 33.13 +11 26 22.2",1469,178,1469,1015781,5293,1
"05 49 43.19 +14 15 55.5",8824,179,147,1009268,5772,1
"02 08 23.91 +28 18 38.8",10742,178,5108,1004080,4082,1
"02 01 34.39 +14 22 25.9",556,202,1216,1019719,2497,1
"00 51 36.87 +07 35 18.0",724,182,1078,1019219,2987,1
"00 08 09.60 +25 47 45.3",1696,176,471,1020301,1546,1
"02 05 24.77 -09 47 31.1",8734,181,5394,3782366,21050,1
"03 44 19.13 +71 26 19.5",829,188,2900,1016414,3859,1
"06 47 06.05 +34 50 28.8",7380,179,1522,1009545,5564,1
"00 01 20.06 +07 42 05.9",1907,185,659,1010563,10876,1
"01 57 30.83 -05 20 08.1",2070,184,4810,3807119,3542,1
"00 06 44.42 -00 54 12.2",814,182,977,1021193,1024,1
"01 30 57.38 +59 37 31.0",15503,180,517,997314,10676,1
"00 26 32.28 +39 08 41.7",1787,181,758,1019446,2018,1
"00 11 14.56 -05 31 04.8",2061,185,2907,3804836,7736,1
"03 46 45.22 +11 52 14.0",638,183,740,1020553,2076,1
"05 51 05.33 +23 43 38.6",4831,183,1011,1009605,8560,1
"00 53 14.18 +19 08 47.9",4977,178,2049,1010684,6302,1
"00 44 27.86 +19 35 04.9",1211,181,1356,1020600,842,1
"06 43 08.90 +39 20 44.9",5208,182,885,1007360,10555,1
"06 47 07.52 +49 40 59.1",3818,180,255,1014302,5635,1
"01 09 48.71 -01 36 30.0",876,178,216,1021927,993,1
"00 31 12.85 -03 30 44.6",2808,182,3064,3811295,376,1
"04 51 22.06 +02 09 34.2",2057,181,226,1019422,2304,1
"03 09 55.42 +06 58 21.6",991,182,492,1018506,4019,1
"01 18 41.10 -00 52 03.2",13067,184,9104,994102,7733,1
"06 28 24.11 +61 04 33.9",684,181,3010,1016909,3406,1
"00 05 36.87 -01 39 56.3",777,178,362,1022428,445,1
"03 16 36.69 +42 34 57.4",1073,188,1608,1015786,5535,1
"03 02 48.59 +09 03 36.0",977,175,828,1018802,3408,1
"01 21 01.01 +23 55 59.3",1755,179,1615,1019989,652,1
"02 49 56.21 -02 06 16.9",1327,182,662,1019798,2221,1
"00 09 35.42 +10 52 22.3",959,182,791,1021470,788,1
"01 35 14.39 +21 29 57.5",866,178,633,1021433,1080,1
"01 14 57.58 -09 08 04.5",8346,182,10366,3775928,22903,1
"03 41 55.11 +00 32 35.4",2519,181,1952,1017262,2276,1
"01 21 11.14 +41 08 48.4",4204,180,904,1014547,4355,1
"00 09 56.69 +30 56 21.7",1485,177,611,1021098,819,1
"00 44 44.29 +42 01 20.0",8186,178,545,1009015,6266,1
"04 07 16.35 +15 26 42.7",2578,174,1109,1016937,3392,1
"02 15 39.57 +42 23 43.3",4460,185,1592,1014044,3909,1
"02 04 39.04 +75 38 19.0",1031,185,1453,1018284,3237,1
"03 42 49.32 +69 23 55.2",10138,178,248,1003867,9759,1
"07 13 51.00 +03 13 25.1",388,182,9511,999485,14624,1
"00 06 18.91 +23 18 23.2",2132,179,819,1019237,1823,1
"00 40 34.13 +71 01 38.7",10207,180,2430,1001988,9385,1
"01 22 27.62 +34 51 54.0",3517,180,132,1016505,3856,1
"04 56 09.24 +25 53 18.6",1732,185,1484,1017857,2932,1
"00 09 38.11 +10 47 25.8",278,182,895,1022224,611,1
"01 51 05.79 -11 25 17.4",2008,182,2447,3808500,4588,1
"00 14 46.58 +30 16 46.3",5855,180,1653,1009321,7181,1
"06 06 13.38 +06 48 22.3",8211,178,198,1006840,8763,1
"07 13 30.38 +34 51 43.1",462,183,2392,1019089,2064,1
"00 56 57.17 +13 17 50.1",532,178,671,1022788,21,1
"02 24 40.83 +40 08 23.0",4070,178,2743,1010201,6998,1
