id,%red,%green,%blue,%black,%white,double
0.44 +9.48,0.0018971761067708333,0.0,0.0011121961805555555,0.9956529405381944,0
0.52 +40.73,0.011279635959201388,1.6954210069444444e-06,0.0009494357638888889,0.9838205973307291,0
0.65 +25.54,0.0067291259765625,1.6954210069444444e-06,0.0010138617621527778,0.9892917209201388,0
0.74 +31.62,0.007532755533854167,0.0,0.00042724609375,0.9894612630208334,0
0.76 +51.96,0.025355021158854168,0.0,0.002966986762152778,0.9627753363715278,0
1.13 +76.09,0.012349446614583334,3.3908420138888887e-06,0.002685546875,0.9800957573784722,0
1.68 +24.28,0.006727430555555556,1.6954210069444444e-06,0.0008290608723958334,0.9900614420572916,0
1.74 +7.65,0.004370795355902778,0.0,0.0015326605902777778,0.9918365478515625,0
10.93 +31.04,0.006171332465277778,0.0,0.0034806993272569445,0.9869249131944444,0
100.26 +61.64,0.008917914496527778,0.0,0.0007510715060763889,0.9875030517578125,0
101.16 +77.72,0.007793850368923611,1.6954210069444444e-06,0.001285129123263889,0.9883032904730903,0
101.26 +65.41,0.009131537543402778,5.086263020833333e-06,0.0021921793619791665,0.9845513237847222,0
101.41 -11.30,0.004759046766493056,5.086263020833333e-06,0.019170125325520832,0.9698689778645834,0
101.58 +19.76,0.03908962673611111,1.0172526041666666e-05,0.0037689208984375,0.9465874565972222,0
101.84 +75.37,0.008161756727430556,0.0,0.001498752170138889,0.9871927897135416,0
102.0 +86.74,0.013456556532118056,0.0,0.0,0.9865434434678819,0
102.28 +10.90,0.04791259765625,0.0,0.0006425645616319445,0.9408908420138888,0
102.34 -3.72,0.009818183051215278,1.6954210069444445e-05,0.028981526692708332,0.9480811225043403,0
103.13 +7.99,0.05215623643663195,3.3908420138888887e-06,0.0034383138020833335,0.9326426188151041,0
103.22 +38.85,0.03827243381076389,1.6954210069444444e-06,0.00036451551649305556,0.9538828531901041,0
104.93 -8.96,0.024527655707465276,1.1867947048611111e-05,0.010133531358506944,0.9556189643012153,0
105.71 +50.16,0.012449476453993056,3.3908420138888887e-06,0.0032365587022569445,0.9794141981336806,0
105.9 +32.06,0.014617919921875,0.0,0.0006374782986111111,0.9811282687717013,0
105.94 -0.72,0.042597452799479164,0.0,0.003348456488715278,0.9395955403645834,0
106.47 +18.61,0.035118950737847224,3.3908420138888887e-06,0.0017547607421875,0.9529690212673612,0
107.06 -5.62,0.048467000325520836,1.1867947048611111e-05,0.017915513780381944,0.9116787380642362,0
107.79 -8.82,0.06977367401123047,1.239776611328125e-05,0.016530990600585938,0.8947992324829102,0
107.89 +78.77,0.010830349392361112,1.6954210069444444e-06,0.0012749565972222222,0.9853346082899306,0
108.63 +75.06,0.006817287868923611,5.086263020833333e-06,0.0033704969618055555,0.9871622721354166,0
109.25 +9.65,0.025687323676215276,6.781684027777777e-06,0.003350151909722222,0.9627838134765625,0
11.18 +4.42,0.004923502604166667,0.0,0.0010291205512152778,0.9924452039930556,0
11.25 +23.04,0.004026624891493056,0.0,0.0017191569010416667,0.9925520155164931,0
11.91 +76.59,0.015816582573784724,6.781684027777777e-06,0.004035101996527778,0.9766320122612847,0
111.15 +7.36,0.029817369249131944,0.0,0.0012342664930555555,0.9610544840494791,0
111.87 +31.40,0.012825859917534722,1.6954210069444444e-06,0.0008070203993055555,0.9826388888888888,0
112.77 +11.67,0.017966376410590276,1.6954210069444444e-06,0.002834743923611111,0.9734463161892362,0
113.13 +75.24,0.011038886176215278,1.6954210069444444e-06,0.0014817979600694445,0.9840206570095487,0
113.22 +42.81,0.006245930989583333,1.6954210069444444e-06,0.001269870334201389,0.9898444281684028,0
113.26 +9.44,0.024286905924479168,3.3908420138888887e-06,0.0012749565972222222,0.9670766194661459,0
113.97 +34.49,0.009311252170138888,1.6954210069444444e-06,0.0011800130208333333,0.9866451687282987,0
115.21 +26.28,0.0116424560546875,3.3908420138888887e-06,0.002170138888888889,0.9822540283203125,0
115.24 +19.28,0.014521280924479166,0.0,0.0019446478949652778,0.9790988498263888,0
115.88 +30.53,0.008755154079861112,1.6954210069444444e-06,0.0009613037109375,0.9870588514539931,0
116.65 +3.64,0.020087348090277776,3.3908420138888887e-06,0.002692328559027778,0.9691229926215278,0
116.87 -13.68,0.019671969943576388,1.3563368055555555e-05,0.03134324815538195,0.9330291748046875,0
117.49 +62.73,0.003941853841145833,1.6954210069444444e-06,0.0031077067057291665,0.9906361897786459,0
119.2 +59.34,0.005467732747395833,0.0,0.0009528266059027778,0.9916703965928819,0
119.21 +30.69,0.006213717990451389,1.6954210069444444e-06,0.0013834635416666667,0.9899512396918403,0
119.33 +14.89,0.014985826280381944,3.3908420138888887e-06,0.002188788519965278,0.9779917399088541,0
119.91 -9.85,0.039104461669921875,1.9073486328125e-06,0.0014019012451171875,0.9493484497070312,0
12.55 +5.84,0.003902859157986111,0.0,0.0010172526041666667,0.9933013916015625,0
12.75 -5.86,0.003875732421875,0.0,0.002887301974826389,0.9917856852213541,0
120.49 +23.40,0.006910536024305556,0.0,0.001720852322048611,0.9890221489800347,0
120.66 +40.42,0.0081329345703125,0.0,0.0009019639756944445,0.9882626003689237,0
120.7 +31.87,0.005350748697916667,0.0,0.0007052951388888889,0.9921552870008681,0
121.6 +1.53,0.017269558376736112,0.0,0.001644558376736111,0.9743448893229166,0
121.97 +81.11,0.003745185004340278,0.0,0.002402411566840278,0.9916263156467013,0
124.24 -0.88,0.012505425347222222,1.6954210069444444e-06,0.0015801323784722222,0.9815707736545138,0
124.43 +60.51,0.006008572048611111,3.3908420138888887e-06,0.0020955403645833335,0.9887525770399306,0
124.51 -3.49,0.0023651123046875,3.3908420138888887e-06,0.012549506293402778,0.9806298149956597,0
124.73 +27.94,0.004716661241319444,3.3908420138888887e-06,0.0011494954427083333,0.9920416937934028,0
125.28 -5.18,0.009574042426215278,8.477105034722223e-06,0.013424343532986112,0.9682328965928819,0
125.37 +50.13,0.0036061604817708335,0.0,0.0018412272135416667,0.9927927652994791,0
125.55 +71.02,0.004458957248263889,3.3908420138888887e-06,0.0014478895399305555,0.9917704264322916,0
126.15 +49.99,0.002724541558159722,0.0,0.0024583604600694445,0.9930674235026041,0
127.31 -6.61,0.004879421657986111,1.1867947048611111e-05,0.012018839518229166,0.9765455457899306,0
127.95 +18.77,0.004474216037326389,0.0,0.0015631781684027778,0.9912855360243056,0
13.01 +74.71,0.025636461046006944,3.3908420138888887e-06,0.0009613037109375,0.9678056504991319,0
13.53 +33.75,0.004380967881944444,3.3908420138888887e-06,0.002838134765625,0.9906056722005209,0
130.19 +7.74,0.004609849717881944,0.0,0.0022379557291666665,0.9905276828342013,0
130.34 -10.86,0.005323621961805556,1.1867947048611111e-05,0.01080322265625,0.9770643446180556,0
130.37 +24.47,0.0033552381727430555,0.0,0.0018395317925347222,0.9929690890842013,0
130.67 +41.42,0.0032501220703125,1.6954210069444444e-06,0.0019005669487847222,0.9933980305989584,0
131.49 +88.83,0.008129543728298612,0.0,0.0,0.9918704562717013,0
131.64 +22.64,0.002890692816840278,0.0,0.002234564887152778,0.9931250678168403,0
131.65 +69.13,0.004304673936631944,1.6954210069444444e-06,0.002190483940972222,0.9914042154947916,0
132.06 -7.70,0.004789564344618056,3.3908420138888887e-06,0.008275349934895834,0.9829067654079862,0
133.32 +47.45,0.0030805799696180555,1.6954210069444444e-06,0.0016937255859375,0.9931182861328125,0
133.39 +72.76,0.00213623046875,0.0,0.003265380859375,0.9927944607204862,0
133.72 +73.58,0.004762437608506944,6.781684027777777e-06,0.004565768771701389,0.9881947835286459,0
133.75 +41.57,0.003970675998263889,0.0,0.0016377766927083333,0.9926537407769097,0
134.65 -8.11,0.006432427300347222,0.0,0.004681057400173611,0.9849310980902778,0
134.89 -1.55,0.009163750542534722,6.781684027777777e-06,0.0011206732855902778,0.9861721462673612,0
135.03 +8.30,0.002749972873263889,0.0,0.0031992594401041665,0.9918433295355903,0
135.44 +79.09,0.006222195095486111,0.0,0.001708984375,0.9887000189887153,0
135.7 -12.38,0.0038316514756944445,1.6954210069444444e-06,0.005528767903645833,0.987213134765625,0
138.25 +11.18,0.001842922634548611,0.0,0.0022023518880208335,0.9944203694661459,0
138.45 +3.62,0.005189683702256944,1.6954210069444444e-06,0.002966986762152778,0.9890357123480903,0
139.82 +13.28,0.0016954210069444445,0.0,0.002349853515625,0.9938880072699653,0
139.92 +15.23,0.005555894639756944,0.0,0.0010325113932291667,0.9911448160807291,0
14.66 +86.10,0.006337483723958333,0.0,0.0033162434895833335,0.9881269666883681,0
14.8 +78.58,0.005723741319444444,6.781684027777777e-06,0.005735609266493056,0.9849226209852431,0
14.84 +15.73,0.003509521484375,1.6954210069444444e-06,0.0013936360677083333,0.9927402072482638,0
14.97 +61.23,0.039923773871527776,8.477105034722223e-06,0.005013359917534722,0.9468180338541666,0
141.38 +5.78,0.003028021918402778,0.0,0.001583523220486111,0.9936099582248263,0
141.7 +73.82,0.004250420464409722,0.0,0.0008561876085069445,0.9929707845052084,0
141.88 +63.17,0.0025922987196180555,3.3908420138888887e-06,0.002677069769965278,0.992919921875,0
142.11 +84.37,0.004235161675347222,3.3908420138888887e-06,0.0021650526258680555,0.9914499918619791,0
142.17 +15.09,0.0068206787109375,0.0,0.0012274848090277778,0.9895172119140625,0
142.21 +48.05,0.003946940104166667,0.0,0.0018480088975694445,0.9926333957248263,0
142.3 +45.71,0.005850897894965278,0.0,0.019982231987847224,0.9718577067057291,0
142.5 +65.06,0.0017174614800347222,3.3908420138888887e-06,0.0032857259114583335,0.9927588568793403,0
142.67 +70.77,0.002368503146701389,0.0,0.0016937255859375,0.99456787109375,0
142.84 +64.75,0.0026448567708333335,1.6954210069444444e-06,0.0029619004991319445,0.9918026394314237,0
143.15 +13.36,0.0035858154296875,1.6954210069444444e-06,0.0016428629557291667,0.9930284288194444,0
143.3 +81.63,0.0059814453125,1.6954210069444444e-06,0.0017005072699652778,0.9897833930121528,0
143.51 +15.91,0.0032094319661458335,1.6954210069444444e-06,0.001751369900173611,0.9932929144965278,0
143.75 +15.67,0.003796047634548611,0.0,0.001430935329861111,0.9926893446180556,0
145.04 +12.28,0.0012342664930555555,0.0,0.0035264756944444445,0.9933437771267362,0
145.37 +38.72,0.003033108181423611,0.0,0.0012613932291666667,0.9943762885199653,0
145.58 +22.93,0.0035688612196180555,0.0,0.003017849392361111,0.9914025200737847,0
146.43 +3.07,0.004353841145833333,0.0,0.0017157660590277778,0.9922281901041666,0
146.68 +65.96,0.0018530951605902778,3.3908420138888887e-06,0.003836737738715278,0.9921807183159722,0
146.85 -5.33,0.0035552978515625,1.6954210069444444e-06,0.004208034939236111,0.9885762532552084,0
147.01 +18.23,0.0019463433159722222,0.0,0.0012563069661458333,0.9955630832248263,0
147.11 +23.42,0.003872341579861111,0.0,0.0015547010633680555,0.9930301242404513,0
147.33 +18.84,0.002048068576388889,0.0,0.001797146267361111,0.9947916666666666,0
147.66 +42.27,0.0056610107421875,0.0,0.00038994683159722225,0.991912841796875,0
148.06 -14.73,0.0030653211805555555,3.3908420138888887e-06,0.005025227864583333,0.9892103407118056,0
148.84 +49.82,0.12215338812934028,0.0,7.62939453125e-05,0.8708852132161459,0
149.09 +42.59,0.0026719835069444445,0.0,0.0012986924913194445,0.9947747124565972,0
149.23 +80.30,0.005125257703993056,0.0,0.004606458875868056,0.9871317545572916,0
149.31 +16.61,0.002643161349826389,1.6954210069444444e-06,0.0019514295789930555,0.9939083523220487,0
15.75 +75.95,0.013047960069444444,0.0,0.002022637261284722,0.9814554850260416,0
150.8 +66.09,0.001964992947048611,1.6954210069444444e-06,0.002368503146701389,0.9939897325303819,0
150.89 +31.09,0.0084381103515625,0.0,0.0006612141927083334,0.9885508219401041,0
151.13 -11.80,0.005335489908854167,1.6954210069444444e-06,0.004397922092013889,0.9874284532335069,0
151.25 +84.99,0.0036180284288194445,1.6954210069444444e-06,0.0023973253038194445,0.9920501708984375,0
151.51 +49.49,0.001995510525173611,0.0,0.001514010959201389,0.9953138563368056,0
152.15 +64.16,0.0014360215928819445,0.0,0.002902560763888889,0.9944881863064237,0
152.26 -15.64,0.05250888400607639,1.6954210069444444e-06,0.0031890869140625,0.937469482421875,0
154.93 +85.25,0.005598280164930556,0.0,0.0012902153862847222,0.9907904730902778,0
155.03 +3.41,0.003155178493923611,5.086263020833333e-06,0.0023939344618055555,0.9922739664713541,0
155.06 +31.27,0.002799140082465278,0.0,0.0012444390190972222,0.9943339029947916,0
155.08 +46.16,0.0017378065321180555,1.6954210069444444e-06,0.001483493381076389,0.9953358968098959,0
155.31 +4.27,0.003650241427951389,0.0,0.0011986626519097222,0.99322509765625,0
155.47 -14.78,0.0017547607421875,5.086263020833333e-06,0.004660712348090278,0.9911329481336806,0
155.64 -8.02,0.003448486328125,0.0,0.002846611870659722,0.9918331570095487,0
155.67 +30.81,0.006198459201388889,1.6954210069444444e-06,0.002532958984375,0.9876861572265625,0
156.37 -13.82,0.0017327202690972222,1.6954210069444444e-06,0.0056610107421875,0.9895562065972222,0
156.38 -12.38,0.0007849799262152778,3.3908420138888887e-06,0.003002590603298611,0.9944068060980903,0
156.41 +87.51,0.006624009874131944,0.0,0.0,0.9933759901258681,0
156.62 +27.28,0.0027787950303819445,1.6954210069444444e-06,0.0008782280815972222,0.9948849148220487,0
156.89 -5.57,0.003256903754340278,3.3908420138888887e-06,0.003299289279513889,0.9916703965928819,0
157.27 +5.35,0.0028398301866319445,0.0,0.001598782009548611,0.9940032958984375,0
157.62 +42.55,0.002743191189236111,3.3908420138888887e-06,0.0017937554253472222,0.9941558837890625,0
158.02 +37.87,0.0024583604600694445,1.6954210069444444e-06,0.001025729709201389,0.9952579074435763,0
158.34 -7.22,0.003261990017361111,0.0,0.0030805799696180555,0.9912584092881944,0
158.83 +86.92,0.005649142795138889,0.0,0.0,0.9943508572048612,0
158.95 +28.66,0.003436618381076389,0.0,0.001193576388888889,0.9934404161241319,0
159.33 +81.08,0.005625406901041667,8.477105034722223e-06,0.0020192464192708335,0.9895595974392362,0
160.11 +80.88,0.004972669813368056,3.3908420138888887e-06,0.002368503146701389,0.9902988009982638,0
160.39 +1.56,0.003338283962673611,0.0,0.0013342963324652778,0.9936472574869791,0
160.56 -4.17,0.004825168185763889,0.0,0.0029500325520833335,0.9898834228515625,0
160.97 -12.90,0.0022447374131944445,0.0,0.004860772026909722,0.9914499918619791,0
161.63 +20.41,0.0015326605902777778,0.0,0.004045274522569444,0.9933522542317709,0
161.86 +49.43,0.001040988498263889,0.0,0.0027821858723958335,0.9952273898654513,0
164.07 -14.09,0.002041286892361111,0.0,0.0032484266493055555,0.992340087890625,0
164.46 -11.45,0.0010918511284722222,3.3908420138888887e-06,0.005750868055555556,0.9902665879991319,0
164.79 -13.27,0.0011952718098958333,0.0,0.003348456488715278,0.9936947292751737,0
164.83 +83.50,0.007151285807291667,0.0,0.0007663302951388889,0.9893731011284722,0
165.01 +88.81,0.008556789822048612,0.0,0.0,0.9914432101779513,0
165.28 -15.35,0.002254909939236111,3.3908420138888887e-06,0.004954020182291667,0.9904073079427084,0
165.35 -2.82,0.003631591796875,0.0,0.002453274197048611,0.9923366970486112,0
165.83 -1.76,0.0025465223524305555,0.0,0.0033925374348958335,0.9925079345703125,0
166.14 -0.86,0.005196465386284722,0.0,0.0008222791883680555,0.9920705159505209,0
167.21 +40.01,0.0024278428819444445,1.6954210069444444e-06,0.001803927951388889,0.9944780137803819,0
167.22 +35.33,0.004204644097222222,0.0,0.0018853081597222222,0.9925265842013888,0
167.48 +14.68,0.004248725043402778,0.0,0.0013207329644097222,0.9925808376736112,0
168.19 +32.43,0.0036027696397569445,0.0,0.002326117621527778,0.9928334554036459,0
168.29 +19.80,0.0017632378472222222,0.0,0.0026702880859375,0.9944712320963541,0
168.61 +34.73,0.0034383138020833335,0.0,0.0011749267578125,0.9940592447916666,0
168.72 +37.09,0.0032297770182291665,1.6954210069444444e-06,0.0025922987196180555,0.9921841091579862,0
169.06 +40.19,0.002105712890625,1.6954210069444444e-06,0.001629299587673611,0.9952307807074653,0
17.58 +88.15,0.006206936306423611,0.0,0.0,0.9937930636935763,0
17.94 -13.82,0.003985934787326389,0.0,0.001636081271701389,0.9928995768229166,0
170.15 +14.23,0.0021616617838541665,0.0,0.003043280707465278,0.9936336941189237,0
170.62 +21.77,0.0037841796875,1.6954210069444444e-06,0.0028550889756944445,0.9919993082682291,0
170.67 +8.17,0.002307467990451389,0.0,0.001690334743923611,0.9947153727213541,0
170.77 -0.12,0.003256903754340278,1.6954210069444444e-06,0.003272162543402778,0.9920603434244791,0
171.04 +27.93,0.002780490451388889,0.0,0.0010477701822916667,0.994964599609375,0
171.17 +6.11,0.002707587348090278,1.6954210069444444e-06,0.0016411675347222222,0.9943457709418403,0
171.24 +47.57,0.002170138888888889,1.6954210069444444e-06,0.002953423394097222,0.9937472873263888,0
172.43 +13.96,0.0020616319444444445,1.6954210069444444e-06,0.0018598768446180555,0.9948866102430556,0
172.5 +16.37,0.0019090440538194445,1.6954210069444444e-06,0.0021837022569444445,0.9946170383029513,0
173.41 +22.47,0.004877726236979167,1.6954210069444444e-06,0.0008053249782986111,0.9925486246744791,0
176.57 +23.89,0.0042877197265625,1.6954210069444444e-06,0.002404106987847222,0.9915720621744791,0
176.72 +84.64,0.004055447048611111,0.0,0.0014292399088541667,0.9928995768229166,0
176.91 +39.56,0.004945543077256944,0.0,0.0011155870225694445,0.9924672444661459,0
177.19 +26.54,0.002468532986111111,0.0,0.0012427435980902778,0.9950273301866319,0
177.32 +27.58,0.0015021430121527778,3.3908420138888887e-06,0.003261990017361111,0.9941592746310763,0
177.86 +40.76,0.003634982638888889,0.0,0.0010816786024305555,0.9939846462673612,0
178.22 -4.12,0.0029296875,3.3908420138888887e-06,0.003948635525173611,0.9915703667534722,0
178.66 +25.12,0.002994113498263889,0.0,0.002154880099826389,0.9934794108072916,0
179.04 +85.14,0.004526774088541667,0.0,0.0015123155381944445,0.9923502604166666,0
179.19 +8.51,0.0031890869140625,0.0,0.0021921793619791665,0.9931267632378472,0
179.23 +40.19,0.006139119466145833,1.6954210069444444e-06,0.057381523980034724,0.9332241482204862,0
179.25 +26.61,0.0016004774305555555,0.0,0.003014458550347222,0.9944254557291666,0
179.68 +88.88,0.007595486111111111,0.0,0.0,0.9924045138888888,0
179.85 +7.72,0.0021260579427083335,1.6954210069444444e-06,0.001300387912326389,0.9954155815972222,0
18.4 +24.35,0.004255506727430556,0.0,0.0016547309027777778,0.9920857747395834,0
18.56 +63.25,0.0070343017578125,1.6954210069444444e-06,0.009367201063368056,0.98016357421875,0
18.69 +43.85,0.014007568359375,3.3908420138888887e-06,0.0026804606119791665,0.9774271647135416,0
180.08 +86.15,0.006452772352430556,0.0,0.0028432210286458335,0.9883524576822916,0
180.43 -11.29,0.0028059217664930555,0.0,0.0023481580946180555,0.9933234320746528,0
181.01 +84.09,0.0031263563368055555,0.0,0.0021955702039930555,0.9930182562934028,0
181.31 +40.36,0.0023091634114583335,1.6954210069444444e-06,0.001800537109375,0.99468994140625,0
181.97 +40.31,0.0028228759765625,1.6954210069444444e-06,0.00433349609375,0.9912448459201388,0
182.02 -2.57,0.004070705837673611,1.6954210069444444e-06,0.002465142144097222,0.9917839898003472,0
182.53 +19.38,0.0023176405164930555,5.086263020833333e-06,0.0018547905815972222,0.9946780734592013,0
182.73 +18.37,0.002227783203125,0.0,0.001400417751736111,0.9949985080295138,0
183.54 +23.86,0.0020955403645833335,1.6954210069444444e-06,0.002493964301215278,0.9942745632595487,0
184.3 +3.77,0.0018310546875,1.3563368055555555e-05,0.007393731011284722,0.9882541232638888,0
184.71 +86.31,0.004464043511284722,0.0,0.0015614827473958333,0.9923010932074653,0
184.8 +85.85,0.003299289279513889,0.0,0.0021684434678819445,0.9930267333984375,0
184.84 +23.89,0.0031636555989583335,1.6954210069444444e-06,0.0019972059461805555,0.9931131998697916,0
185.26 +32.87,0.0025278727213541665,1.6954210069444444e-06,0.0017632378472222222,0.9939134385850694,0
185.31 +15.48,0.005006578233506944,1.6954210069444444e-06,0.0034535725911458335,0.988616943359375,0
185.67 -10.19,0.0020616319444444445,0.0,0.0026957194010416665,0.9940321180555556,0
185.69 +30.22,0.002688937717013889,0.0,0.0030873616536458335,0.9932539198133681,0
186.1 +41.31,0.0017242431640625,0.0,0.004575941297743056,0.9911872016059028,0
186.46 -5.95,0.002948337131076389,0.0,0.001556396484375,0.9934455023871528,0
186.97 +42.14,0.001507229275173611,0.0,0.0015886094835069445,0.9957139756944444,0
187.43 -13.44,0.019548204210069444,3.3908420138888887e-06,0.004782782660590278,0.9702233208550347,0
187.71 +18.60,0.001422458224826389,1.6954210069444444e-06,0.0025482177734375,0.9948866102430556,0
188.49 -15.06,0.0034620496961805555,0.0,0.003150092230902778,0.9911431206597222,0
188.63 +33.72,0.0018666585286458333,1.6954210069444444e-06,0.003272162543402778,0.9936608208550347,0
189.99 -1.00,0.0028076171875,5.086263020833333e-06,0.0028584798177083335,0.9929334852430556,0
19.49 +79.87,0.022006564670138888,5.086263020833333e-06,0.003012763129340278,0.9674462212456597,0
190.2 -3.09,0.0025041368272569445,0.0,0.0010664198133680555,0.9949120415581597,0
190.28 +15.13,0.0022074381510416665,3.3908420138888887e-06,0.004019843207465278,0.9922434488932291,0
190.55 +16.97,0.002407497829861111,1.6954210069444444e-06,0.002460055881076389,0.9937218560112847,0
190.87 +67.71,0.0029347737630208335,0.0,0.007415771484375,0.9877675374348959,0
191.05 +66.80,0.0033399793836805555,1.6954210069444444e-06,0.0014546712239583333,0.9933183458116319,0
192.12 +13.97,0.008744981553819444,0.0,0.0003000895182291667,0.9889899359809028,0
192.29 +21.74,0.002777099609375,0.0,0.0007968478732638889,0.9951341417100694,0
193.17 +25.56,0.0021955702039930555,1.6954210069444444e-06,0.0008324517144097222,0.9953867594401041,0
193.65 +1.58,0.0019209120008680555,0.0,0.0017632378472222222,0.9950578477647569,0
193.77 +46.00,0.0018971761067708333,0.0,0.0033433702256944445,0.9932691786024306,0
193.84 +26.00,0.002266777886284722,0.0,0.00341796875,0.9933624267578125,0
194.38 -6.51,0.001961602105034722,1.6954210069444444e-06,0.0037129720052083335,0.9928707546657987,0
194.4 +85.56,0.0033247205946180555,0.0,0.002270168728298611,0.9927113850911459,0
194.79 +84.70,0.002022637261284722,0.0,0.004750569661458333,0.9916263156467013,0
195.54 +22.43,0.002358330620659722,6.781684027777777e-06,0.001644558376736111,0.9947001139322916,0
195.62 +5.88,0.003256903754340278,1.6954210069444444e-06,0.0017751057942708333,0.99371337890625,0
196.93 +40.09,0.004364013671875,6.781684027777777e-06,0.002280341254340278,0.9915076361762153,0
197.4 -3.24,0.0021837022569444445,0.0,0.0018361409505208333,0.9946306016710069,0
197.72 -15.39,0.002948337131076389,1.6954210069444444e-06,0.004670884874131944,0.9903479682074653,0
197.91 -10.06,0.003689236111111111,3.3908420138888887e-06,0.002521091037326389,0.9918365478515625,0
198.13 +47.42,0.004553900824652778,0.0,0.0023176405164930555,0.9907633463541666,0
198.32 +14.88,0.0032297770182291665,0.0,0.002010769314236111,0.9933946397569444,0
198.33 +64.86,0.0028533935546875,0.0,0.0010969373914930555,0.9944390190972222,0
198.56 +88.26,0.0087738037109375,0.0,0.0,0.9912261962890625,0
198.79 +28.42,0.0031890869140625,1.6954210069444444e-06,0.0009969075520833333,0.9941677517361112,0
199.23 +65.84,0.004416571723090278,1.6954210069444444e-06,0.0009833441840277778,0.9928131103515625,0
2.1 +28.24,0.008980645073784722,1.6954210069444444e-06,0.001040988498263889,0.9878251817491319,0
2.68 +8.25,0.0018785264756944445,0.0,0.0014546712239583333,0.9952663845486112,0
2.76 -1.20,0.005384657118055556,1.6954210069444444e-06,0.0018412272135416667,0.9913889567057291,0
2.78 +72.00,0.027016533745659724,0.0,0.0026838514539930555,0.962646484375,0
2.86 +64.40,0.025616115993923612,3.3908420138888887e-06,0.015743679470486112,0.9497222900390625,0
20.05 +48.62,0.025129530164930556,1.6954210069444444e-06,0.0007307264539930555,0.9679294162326388,0
20.27 +72.11,0.044148763020833336,1.6954210069444444e-06,0.0007341172960069445,0.9462229410807291,0
20.34 +44.72,0.012427435980902778,1.0172526041666666e-05,0.0036180284288194445,0.978424072265625,0
20.56 +68.29,0.010759141710069444,1.0172526041666666e-05,0.008641560872395834,0.9770168728298612,0
20.88 +14.89,0.002037896050347222,0.0,0.0015665690104166667,0.9949391682942709,0
200.38 +39.80,0.0031721327039930555,0.0,0.004263983832465278,0.990936279296875,0
201.32 +88.04,0.008994208441840278,0.0,0.0,0.9910057915581597,0
202.09 +9.18,0.003075493706597222,1.6954210069444444e-06,0.0030263264973958335,0.9924672444661459,0
202.19 +12.30,0.004362318250868056,0.0,0.0017293294270833333,0.9917653401692709,0
203.17 +28.77,0.000579833984375,0.0,0.004972669813368056,0.9927605523003472,0
203.34 +84.35,0.005608452690972222,0.0,0.0023244222005208335,0.9897138807508681,0
203.52 -13.63,0.0023447672526041665,1.6954210069444444e-06,0.003436618381076389,0.9927978515625,0
203.66 -1.84,0.004208034939236111,3.3908420138888887e-06,0.002292209201388889,0.9921129014756944,0
204.61 +1.52,0.007570054796006944,1.6954210069444444e-06,0.0016259087456597222,0.9878048366970487,0
205.07 +41.23,0.003173828125,3.3908420138888887e-06,0.004018147786458333,0.9911956787109375,0
205.18 +19.14,0.007712470160590278,0.0,0.0005560980902777778,0.9898173014322916,0
205.24 +8.39,0.0027567545572916665,1.6954210069444444e-06,0.0011918809678819445,0.9946628146701388,0
205.51 +50.14,0.001976860894097222,3.3908420138888887e-06,0.0016530354817708333,0.9949018690321181,0
205.7 -2.82,0.003582424587673611,0.0,0.0021769205729166665,0.9924028184678819,0
205.91 +17.92,0.004879421657986111,3.3908420138888887e-06,0.0017225477430555555,0.9916873508029513,0
206.12 +11.30,0.0029296875,0.0,0.0012749565972222222,0.9942745632595487,0
206.48 +1.74,0.004082573784722222,0.0,0.0013631184895833333,0.9928741455078125,0
206.64 +28.57,0.0022074381510416665,3.3908420138888887e-06,0.003918117947048611,0.9925486246744791,0
208.61 +40.86,0.003592597113715278,0.0,0.0402069091796875,0.9541524251302084,0
208.63 +57.89,0.002661810980902778,0.0,0.0012071397569444445,0.9949273003472222,0
208.65 +34.07,0.002926296657986111,0.0,0.0022532145182291665,0.9933505588107638,0
208.72 +58.60,0.004630194769965278,0.0,0.0009596082899305555,0.9925113254123263,0
208.93 +5.91,0.0033552381727430555,3.3908420138888887e-06,0.00286865234375,0.9922620985243056,0
21.42 +11.20,0.000946044921875,1.6954210069444444e-06,0.003302680121527778,0.9943898518880209,0
21.76 +25.54,0.0030229356553819445,3.3908420138888887e-06,0.008049858940972222,0.9856635199652778,0
21.77 +79.91,0.009738498263888888,1.6954210069444444e-06,0.0029737684461805555,0.9826711018880209,0
21.86 +72.35,0.03212314181857639,0.0,0.0011545817057291667,0.9605712890625,0
21.87 +66.01,0.022793240017361112,0.0,0.009112887912326388,0.9625142415364584,0
210.02 +64.86,0.0032060411241319445,1.6954210069444444e-06,0.0005289713541666666,0.9947221544053819,0
211.53 +15.56,0.004053751627604167,1.6954210069444444e-06,0.001605563693576389,0.9925825330946181,0
212.64 +42.40,0.0021074083116319445,0.0,0.0032145182291666665,0.9929826524522569,0
213.32 +68.15,0.004216512044270833,0.0,0.0009477403428819445,0.9929063585069444,0
213.6 +24.51,0.004428439670138889,0.0,0.0015004475911458333,0.9924892849392362,0
213.78 +4.40,0.0054779052734375,1.6954210069444444e-06,0.0009901258680555555,0.9913007948133681,0
213.78 +84.88,0.001858181423611111,3.3908420138888887e-06,0.0035112169053819445,0.9923333062065972,0
214.16 -3.98,0.0017649332682291667,0.0,0.005123562282986111,0.9911261664496528,0
215.71 +30.63,0.0025634765625,1.6954210069444444e-06,0.0014122856987847222,0.9947950575086806,0
216.03 +14.58,0.007498847113715278,0.0,0.00031873914930555556,0.9896257188585069,0
216.31 +0.69,0.003741794162326389,1.6954210069444444e-06,0.0025533040364583335,0.9919806586371528,0
217.17 +82.78,0.002571953667534722,6.781684027777777e-06,0.0033399793836805555,0.9916025797526041,0
217.28 +43.30,0.0025126139322916665,0.0,0.003265380859375,0.9928690592447916,0
217.4 +23.20,0.007088555230034722,0.0,0.0011545817057291667,0.9896884494357638,0
217.9 +14.93,0.0037384033203125,1.6954210069444444e-06,0.0009104410807291666,0.993743896484375,0
218.9 +18.17,0.0029398600260416665,0.0,0.0010511610243055555,0.9946933322482638,0
22.12 +82.07,0.006663004557291667,1.6954210069444444e-06,0.003848605685763889,0.9865230984157987,0
222.21 -7.93,0.0065765380859375,0.0,0.0026448567708333335,0.9886983235677084,0
224.12 -12.83,0.007534450954861111,0.0,0.003299289279513889,0.9868096245659722,0
224.65 +24.55,0.004270765516493056,0.0,0.002048068576388889,0.9919687906901041,0
224.74 -14.36,0.003968980577256944,8.477105034722223e-06,0.005588107638888889,0.9880388047960069,0
224.89 -12.27,0.003868950737847222,5.086263020833333e-06,0.004660712348090278,0.9880845811631944,0
226.19 -13.26,0.006688435872395833,0.0,0.0023668077256944445,0.9881642659505209,0
227.23 +9.77,0.007076687282986111,0.0,0.001400417751736111,0.9885033501519097,0
227.29 +8.69,0.008307562934027778,0.0,0.0018174913194444445,0.9869316948784722,0
227.38 +0.72,0.005405002170138889,3.3908420138888887e-06,0.0038909912109375,0.9876268174913194,0
228.93 -11.86,0.005011664496527778,3.3908420138888887e-06,0.004175821940104167,0.9885660807291666,0
229.05 +1.92,0.005842420789930556,3.3908420138888887e-06,0.005138821072048611,0.9869791666666666,0
229.15 +85.10,0.002188788519965278,3.3908420138888887e-06,0.0034993489583333335,0.9922078450520834,0
229.63 +87.11,0.007212320963541667,0.0,0.0,0.9927876790364584,0
230.42 -1.86,0.004121568467881944,6.781684027777777e-06,0.0029008653428819445,0.9911905924479166,0
230.78 +25.02,0.004096137152777778,0.0,0.0014207628038194445,0.9925469292534722,0
231.55 +86.68,0.006990220811631944,0.0,0.0,0.9930097791883681,0
232.97 +0.94,0.007519192165798611,0.0,0.005950927734375,0.9826812744140625,0
234.94 -12.40,0.005701700846354167,5.086263020833333e-06,0.003589206271701389,0.9878573947482638,0
235.31 -0.80,0.005560980902777778,1.6954210069444444e-06,0.002846611870659722,0.9892662896050347,0
238.13 -6.45,0.006518893771701389,3.3908420138888887e-06,0.004460652669270833,0.9854888916015625,0
239.96 -3.05,0.006174723307291667,3.3908420138888887e-06,0.005466037326388889,0.9860890706380209,0
240.32 -14.29,0.006256103515625,0.0,0.01031494140625,0.9789716932508681,0
240.78 -7.11,0.006235758463541667,1.6954210069444444e-06,0.005213419596354167,0.985565185546875,0
241.0 -0.52,0.007010565863715278,3.3908420138888887e-06,0.007753160264756944,0.9824184841579862,0
245.26 -14.18,0.0038740370008680555,3.3908420138888887e-06,0.011444091796875,0.9810553656684028,0
247.28 -0.38,0.009175618489583334,1.6954210069444444e-06,0.0030500623914930555,0.9847598605685763,0
251.57 +5.05,0.005793253580729167,0.0,0.004184299045138889,0.9868570963541666,0
251.59 -7.67,0.004921807183159722,3.3908420138888887e-06,0.004670884874131944,0.9880506727430556,0
251.69 +15.40,0.005789862738715278,0.0,0.003033108181423611,0.9883694118923612,0
252.28 +7.85,0.00396728515625,1.6954210069444444e-06,0.008190578884548612,0.984283447265625,0
252.52 -1.09,0.015028211805555556,1.6954210069444444e-06,0.0034332275390625,0.9774102105034722,0
252.83 +67.37,0.0034535725911458335,0.0,0.0016733805338541667,0.9929453531901041,0
252.85 +88.41,0.009148491753472222,0.0,0.0,0.9908515082465278,0
252.97 +0.48,0.015382554796006944,1.6954210069444444e-06,0.0025126139322916665,0.9777103000217013,0
253.41 +9.64,0.011544121636284722,3.3908420138888887e-06,0.0017920600043402778,0.9827440049913194,0
254.42 +8.23,0.011876424153645834,0.0,0.0013258192274305555,0.9835154215494791,0
254.96 +77.84,0.014911227756076388,0.0,0.0005442301432291666,0.9815809461805556,0
255.37 +20.10,0.007524278428819444,0.0,0.003485785590277778,0.9856346978081597,0
255.65 +38.56,0.007824367947048612,0.0,0.0010460747612847222,0.9887237548828125,0
255.73 +36.04,0.009275648328993056,0.0,0.0019429524739583333,0.9858974880642362,0
256.02 +68.66,0.0074005126953125,0.0,0.0008612738715277778,0.9894205729166666,0
256.11 -11.43,0.007692125108506944,1.3563368055555555e-05,0.018335978190104168,0.9682685004340278,0
257.3 -2.78,0.007673475477430556,1.6954210069444444e-06,0.0042877197265625,0.9845123291015625,0
258.12 +33.41,0.007965087890625,0.0,0.003445095486111111,0.9850056966145834,0
258.18 -6.73,0.004996405707465278,5.086263020833333e-06,0.011845906575520834,0.9796464708116319,0
258.69 +77.46,0.007993910047743056,1.6954210069444444e-06,0.0012563069661458333,0.9872962103949653,0
259.32 +20.13,0.013342963324652778,1.0172526041666666e-05,0.005293104383680556,0.9756927490234375,0
259.51 +77.77,0.0075836181640625,0.0,0.003589206271701389,0.9864603678385416,0
259.56 +83.58,0.003790961371527778,0.0,0.00164794921875,0.9929707845052084,0
259.74 +75.26,0.007414076063368056,0.0,0.001247829861111111,0.9882151285807291,0
259.83 -8.83,0.011845906575520834,8.477105034722223e-06,0.013660007052951388,0.9704047309027778,0
259.93 +22.92,0.014619615342881944,1.6954210069444444e-06,0.0018395317925347222,0.9791276719835069,0
26.25 +20.86,0.001598782009548611,1.6954210069444444e-06,0.0031840006510416665,0.9934963650173612,0
26.27 -1.74,0.0031840006510416665,0.0,0.001491970486111111,0.9940626356336806,0
26.32 +30.46,0.006293402777777778,1.6954210069444444e-06,0.0009494357638888889,0.9903784857855903,0
26.45 +46.68,0.024451361762152776,6.781684027777777e-06,0.005154079861111111,0.9630025227864584,0
26.93 +27.77,0.009368896484375,0.0,0.0010392930772569445,0.9866841634114584,0
260.14 -2.53,0.0045623779296875,1.6954210069444444e-06,0.009731716579861112,0.9818827311197916,0
261.24 +19.98,0.015511406792534722,0.0,0.004503038194444444,0.9738193088107638,0
261.41 +3.15,0.028840806749131944,0.0,0.0024363199869791665,0.9631924099392362,0
261.59 -0.54,0.009158664279513888,1.0172526041666666e-05,0.011381361219618056,0.9728630913628472,0
261.99 +50.44,0.006230672200520833,1.6954210069444444e-06,0.0018090142144097222,0.9891594780815972,0
262.14 +87.39,0.010352240668402778,0.0,0.0,0.9896477593315972,0
263.52 +47.74,0.006218804253472222,1.6954210069444444e-06,0.0011732313368055555,0.9898579915364584,0
264.28 -2.49,0.0200347900390625,0.0,0.006117078993055556,0.9675547281901041,0
264.63 +26.76,0.011930677625868056,5.086263020833333e-06,0.0029398600260416665,0.9809773763020834,0
264.72 +81.55,0.005521986219618056,1.6954210069444444e-06,0.001010470920138889,0.99102783203125,0
266.89 +26.23,0.016394721137152776,3.3908420138888887e-06,0.0034349229600694445,0.9752044677734375,0
267.37 -2.14,0.016028510199652776,5.086263020833333e-06,0.015752156575520832,0.9617750379774306,0
267.78 +21.26,0.022806803385416668,0.0,0.0008307562934027778,0.9711727566189237,0
269.54 +9.59,0.022550794813368056,1.0172526041666666e-05,0.008600870768229166,0.9617377387152778,0
27.61 +15.88,0.004041883680555556,1.6954210069444444e-06,0.001583523220486111,0.9925096299913194,0
270.65 +32.52,0.0184326171875,1.6954210069444444e-06,0.0011376274956597222,0.97674560546875,0
271.51 +88.79,0.014904446072048612,0.0,0.0,0.9850955539279513,0
272.2 +87.80,0.009377373589409722,0.0,0.0,0.9906226264105903,0
272.29 +75.41,0.004499647352430556,6.781684027777777e-06,0.003139919704861111,0.9901529947916666,0
274.14 +33.12,0.0268096923828125,1.6954210069444444e-06,0.002280341254340278,0.9634263780381944,0
274.4 +85.05,0.004182603624131944,1.6954210069444444e-06,0.0011121961805555555,0.9930470784505209,0
274.84 -0.60,0.005165947808159722,1.6954210069444444e-06,0.026039971245659724,0.9653845893012153,0
274.97 +89.14,0.007780287000868056,0.0,0.0,0.9922197129991319,0
275.17 -12.21,0.26525020599365234,3.528594970703125e-05,0.03160572052001953,0.676356315612793,0
277.21 +24.12,0.038508097330729164,3.3908420138888887e-06,0.003155178493923611,0.9497188991970487,0
277.74 +71.88,0.005472819010416667,1.6954210069444444e-06,0.002434624565972222,0.9891679551866319,0
277.79 +47.26,0.015041775173611112,6.781684027777777e-06,0.0016259087456597222,0.9782969156901041,0
277.83 -11.97,0.05541229248046875,4.673004150390625e-05,0.055957794189453125,0.8654422760009766,0
278.51 +80.79,0.006357828776041667,0.0,0.002105712890625,0.9890950520833334,0
279.17 +24.62,0.048316107855902776,1.6954210069444444e-06,0.0018463134765625,0.9396464029947916,0
279.52 +89.84,0.012003580729166666,0.0,0.0,0.9879964192708334,0
28.46 -6.46,0.0028889973958333335,0.0,0.0024770100911458335,0.9926706949869791,0
28.52 -0.66,0.007203843858506944,1.6954210069444444e-06,0.0016920301649305555,0.9877726236979166,0
28.95 +81.15,0.008222791883680556,1.6954210069444444e-06,0.003360324435763889,0.9843529595269097,0
280.53 -10.43,0.0546875,4.4080946180555555e-05,0.20867411295572916,0.7123362223307291,0
281.94 +48.72,0.09653388129340278,3.3908420138888887e-06,0.00037977430555555556,0.8953823513454862,0
282.69 +42.16,0.023623996310763888,1.6954210069444444e-06,0.001590304904513889,0.9679599338107638,0
282.87 +15.06,0.058159722222222224,3.390842013888889e-05,0.032157050238715276,0.8931935628255209,0
283.08 +3.69,0.0015886094835069445,0.0,0.013824462890625,0.9824320475260416,0
283.16 +41.77,0.025899251302083332,0.0,0.001739501953125,0.9654286702473959,0
283.34 +43.71,0.026394314236111112,1.6954210069444444e-06,0.0092315673828125,0.9555223253038194,0
283.52 +14.83,0.025687323676215276,1.3563368055555555e-05,0.023332383897569444,0.9412502712673612,0
283.56 +69.26,0.012905544704861112,3.3908420138888887e-06,0.0020887586805555555,0.9796074761284722,0
284.19 -11.47,0.05978732638888889,3.5603841145833336e-05,0.06542121039496528,0.8601701524522569,0
284.28 +33.03,0.05192735460069445,0.0,0.01214599609375,0.9279293484157987,0
284.51 +43.74,0.030127631293402776,1.6954210069444444e-06,0.0011444091796875,0.9614308675130209,0
284.59 +49.16,0.025638156467013888,0.0,0.0014292399088541667,0.9669274224175347,0
284.67 +6.23,0.048004150390625,0.0,0.0015021430121527778,0.9445376925998263,0
285.24 +77.65,0.008216010199652778,3.3908420138888887e-06,0.0038655598958333335,0.9850124782986112,0
285.57 +39.27,0.025950113932291668,0.0,0.005152384440104167,0.9596676296657987,0
286.71 +65.59,0.014234754774305556,1.6954210069444444e-06,0.0012308756510416667,0.9802449544270834,0
286.98 +74.88,0.009785970052083334,0.0,0.0005815294053819445,0.9865366617838541,0
287.23 +13.44,0.04349093967013889,4.57763671875e-05,0.11939324273003472,0.8166690402560763,0
287.58 +25.80,0.09720357259114583,1.6954210069444444e-06,0.003304375542534722,0.8794962565104166,0
288.97 +67.80,0.012427435980902778,0.0,0.0022532145182291665,0.9793345133463541,0
288.98 +26.43,0.0993533664279514,5.086263020833333e-06,0.004853990342881944,0.8749796549479166,0
289.66 +67.44,0.012539333767361112,1.6954210069444444e-06,0.000995212131076389,0.9827982584635416,0
289.73 +2.64,0.071136474609375,2.8822157118055555e-05,0.033882988823784724,0.8773312038845487,0
29.17 +45.93,0.025561862521701388,0.0,0.0011850992838541667,0.96673583984375,0
29.51 +25.35,0.005238850911458333,1.6954210069444444e-06,0.0009104410807291666,0.9914991590711806,0
290.11 +15.90,0.016869439019097224,1.52587890625e-05,0.03262498643663195,0.9406840006510416,0
290.75 +85.69,0.004018147786458333,0.0,0.002875434027777778,0.9910786946614584,0
290.78 +63.67,0.013234456380208334,3.3908420138888887e-06,0.0015818277994791667,0.9808502197265625,0
290.8 +37.49,0.047719319661458336,6.781684027777777e-06,0.005415174696180556,0.9320644802517362,0
291.06 -2.64,0.04352993435329861,1.1867947048611111e-05,0.016725328233506944,0.9309183756510416,0
291.5 +82.57,0.005638970269097222,0.0,0.002460055881076389,0.9888119167751737,0
291.88 +67.49,0.014188978407118056,3.3908420138888887e-06,0.0010901557074652778,0.9804060194227431,0
291.91 +71.70,0.008695814344618056,1.6954210069444444e-06,0.0015241834852430555,0.9863399929470487,0
292.99 -10.10,0.031455145941840276,1.3563368055555555e-05,0.036141289605034724,0.9240858289930556,0
293.48 +67.87,0.010776095920138888,0.0,0.001976860894097222,0.9827931722005209,0
293.78 +6.47,0.08072408040364583,5.764431423611111e-05,0.06951226128472222,0.8135562472873263,0
293.99 +35.97,0.07471211751302083,1.1867947048611111e-05,0.008872138129340278,0.8959977891710069,0
294.17 +19.89,0.0226593017578125,1.52587890625e-05,0.040410359700520836,0.9261949327256944,0
294.67 +48.36,0.05530971950954861,0.0,0.028179592556423612,0.9161648220486112,0
294.99 +23.16,0.028425428602430556,1.3563368055555555e-05,0.024583604600694444,0.9383341471354166,0
296.5 +41.28,0.0805782741970486,1.3563368055555555e-05,0.005879720052083333,0.897705078125,0
297.76 +0.49,0.054482354058159724,3.3908420138888887e-06,0.005257500542534722,0.9294009738498263,0
297.83 +86.48,0.003997802734375,0.0,0.0019005669487847222,0.9924536810980903,0
299.18 +14.68,0.1281094021267361,1.3563368055555555e-05,0.005950927734375,0.8466220431857638,0
299.45 +49.13,0.0661807590060764,3.3908420138888887e-06,0.003304375542534722,0.9128977457682291,0
30.52 +6.59,0.0033704969618055555,0.0,0.001483493381076389,0.993560791015625,0
30.68 +51.11,0.025731404622395832,6.781684027777777e-06,0.004491170247395833,0.9614223904079862,0
300.25 +8.90,0.07201470269097222,3.3908420138888887e-06,0.004436916775173611,0.9042070176866319,0
303.75 +1.97,0.031187269422743056,1.0172526041666666e-05,0.007422553168402778,0.9529690212673612,0
304.15 +40.12,0.010865953233506944,1.3563368055555555e-05,0.029186672634548612,0.9519026014539931,0
304.26 +8.48,0.03614976671006945,1.6954210069444444e-06,0.003136528862847222,0.9537082248263888,0
305.26 +26.04,0.0382537841796875,3.3908420138888887e-06,0.011435614691840278,0.9396413167317709,0
305.51 +7.94,0.039910210503472224,3.3908420138888887e-06,0.0014817979600694445,0.9505564371744791,0
306.39 +5.60,0.026345147026909724,1.52587890625e-05,0.012081570095486112,0.9487575954861112,0
306.48 +28.16,0.0518951416015625,1.6954210069444445e-05,0.006803724500868056,0.9296078152126737,0
306.51 +15.30,0.04939439561631945,3.3908420138888887e-06,0.0025804307725694445,0.9365336100260416,0
306.64 +5.31,0.026141696506076388,3.3908420138888887e-06,0.008761935763888888,0.9529317220052084,0
306.7 +15.99,0.051050821940104164,0.0,0.0026109483506944445,0.9338650173611112,0
306.91 +77.16,0.010986328125,0.0,0.0004306369357638889,0.9856821695963541,0
307.09 +27.16,0.025019327799479168,1.1867947048611111e-05,0.028922186957465276,0.9343499077690972,0
307.29 +14.09,0.044501410590277776,1.6954210069444444e-06,0.0039520263671875,0.9412061903211806,0
307.42 +0.74,0.024700588650173612,1.6954210069444444e-06,0.00201416015625,0.9667544894748263,0
307.66 +35.24,0.019571940104166668,3.3908420138888887e-06,0.004026624891493056,0.9705539279513888,0
307.84 +78.29,0.00701904296875,0.0,0.0027601453993055555,0.986114501953125,0
308.32 +4.90,0.027092827690972224,1.1867947048611111e-05,0.005793253580729167,0.9585350884331597,0
308.4 +75.91,0.008795844184027778,3.3908420138888887e-06,0.0023193359375,0.98663330078125,0
308.42 +6.30,0.02862548828125,1.0172526041666666e-05,0.005520290798611111,0.9554239908854166,0
308.74 +6.48,0.030210706922743056,1.52587890625e-05,0.008076985677083334,0.9504309760199653,0
309.18 +32.57,0.013097127278645834,1.3563368055555555e-05,0.019415961371527776,0.9611935085720487,0
31.78 -13.30,0.0025278727213541665,1.6954210069444444e-06,0.0035756429036458335,0.9920772976345487,0
31.84 +64.96,0.03747219509548611,0.0,0.004296196831597222,0.9506903754340278,0
310.43 +86.95,0.0034840901692708335,1.6954210069444444e-06,0.002097235785590278,0.9928097195095487,0
311.15 +13.70,0.016757541232638888,8.477105034722223e-06,0.011164347330729166,0.9630771213107638,0
311.21 +65.58,0.015489366319444444,3.3908420138888887e-06,0.004528469509548611,0.9758639865451388,0
311.33 +78.50,0.004584418402777778,3.3908420138888887e-06,0.004353841145833333,0.9881490071614584,0
311.88 +0.43,0.029405381944444444,1.6954210069444444e-06,0.0011918809678819445,0.9629448784722222,0
311.98 +8.99,0.017935858832465276,1.6954210069444444e-06,0.004479302300347222,0.9715694851345487,0
312.54 +44.81,0.00469970703125,1.6954210069444444e-06,0.005318535698784722,0.9874945746527778,0
312.66 +74.80,0.012193467881944444,0.0,0.002966986762152778,0.9835272894965278,0
313.22 +76.45,0.010581122504340278,0.0,0.0006222195095486111,0.9858059353298612,0
313.38 +21.39,0.027854071723090276,1.6954210069444444e-06,0.0026872422960069445,0.9629194471571181,0
313.44 +4.58,0.023710462782118056,5.086263020833333e-06,0.0015411376953125,0.9691026475694444,0
313.48 +81.15,0.006176418728298611,0.0,0.004084269205729167,0.9867757161458334,0
313.78 -6.43,0.012890285915798612,3.3908420138888887e-06,0.0040130615234375,0.9773813883463541,0
314.22 +9.77,0.018870035807291668,1.6954210069444444e-06,0.004007975260416667,0.9701114230685763,0
314.67 +86.63,0.004954020182291667,1.6954210069444444e-06,0.0017462836371527778,0.9909311930338541,0
314.94 +48.69,0.032647026909722224,6.781684027777777e-06,0.010952419704861112,0.9488677978515625,0
314.96 +22.12,0.036460028754340276,1.6954210069444444e-06,0.0008290608723958334,0.9558970133463541,0
315.14 +68.41,0.003028021918402778,0.0,0.005972968207465278,0.9883660210503472,0
315.19 +49.06,0.004509819878472222,5.086263020833333e-06,0.0098419189453125,0.9821675618489584,0
315.42 +71.11,0.0057525634765625,6.781684027777777e-06,0.004870944552951389,0.9866570366753472,0
315.88 -4.97,0.0086517333984375,1.6954210069444444e-06,0.004918416341145833,0.9823082817925347,0
316.47 +87.39,0.007846408420138888,0.0,0.0,0.9921535915798612,0
317.15 +66.76,0.015882703993055556,0.0,0.0014563666449652778,0.9788937038845487,0
318.21 +83.81,0.007541232638888889,3.3908420138888887e-06,0.0012868245442708333,0.9887288411458334,0
318.52 +26.37,0.029039171006944444,0.0,0.0018141004774305555,0.9613817003038194,0
319.22 +28.81,0.022264268663194444,6.781684027777777e-06,0.007175021701388889,0.9615054660373263,0
319.63 -6.24,0.008197360568576388,0.0,0.0032755533854166665,0.9851565890842013,0
319.65 +15.23,0.002204047309027778,1.6954210069444444e-06,0.016981336805555556,0.9740041097005209,0
32.57 +24.46,0.003060234917534722,3.3908420138888887e-06,0.0014631483289930555,0.9939524332682291,0
32.85 +11.15,0.002310858832465278,0.0,0.002387152777777778,0.9935455322265625,0
32.87 -9.37,0.006295098198784722,0.0,0.0007748074001736111,0.9899732801649306,0
320.4 +0.80,0.007049560546875,1.6954210069444444e-06,0.0024210611979166665,0.9873233371310763,0
320.69 +88.98,0.008270263671875,0.0,0.0,0.991729736328125,0
320.99 +12.89,0.010821872287326388,3.3908420138888887e-06,0.002749972873263889,0.9818878173828125,0
321.1 +73.98,0.006189982096354167,0.0,0.0017649332682291667,0.9900546603732638,0
321.14 -2.15,0.007965087890625,3.3908420138888887e-06,0.002322726779513889,0.9866383870442709,0
321.31 +10.15,0.013646443684895834,1.6954210069444444e-06,0.0014563666449652778,0.980255126953125,0
321.62 +70.19,0.009175618489583334,5.086263020833333e-06,0.005403306749131944,0.9808688693576388,0
321.94 +72.42,0.004464043511284722,8.477105034722223e-06,0.003485785590277778,0.9897104899088541,0
322.32 +0.23,0.006474812825520833,0.0,0.002860175238715278,0.9876980251736112,0
323.19 +37.43,0.034598456488715276,8.477105034722223e-06,0.004082573784722222,0.9511803521050347,0
323.63 -1.89,0.006320529513888889,1.6954210069444444e-06,0.004109700520833333,0.9866095648871528,0
324.07 +2.59,0.006252712673611111,0.0,0.003338283962673611,0.9872690836588541,0
324.3 +2.32,0.005842420789930556,1.6954210069444444e-06,0.00341796875,0.9876149495442709,0
324.53 +34.63,0.028791639539930556,6.781684027777777e-06,0.0031297471788194445,0.9600270589192709,0
324.78 +4.72,0.007225884331597222,3.3908420138888887e-06,0.002539740668402778,0.9875437418619791,0
324.84 +4.56,0.010476006401909722,1.6954210069444444e-06,0.0018564860026041667,0.9840681287977431,0
325.23 -7.49,0.004191080729166667,1.6954210069444444e-06,0.003161960177951389,0.9904361300998263,0
326.94 +7.11,0.013142903645833334,3.3908420138888887e-06,0.0017038981119791667,0.9798448350694444,0
327.94 +32.98,0.017574734157986112,3.3908420138888887e-06,0.004750569661458333,0.9720882839626737,0
328.24 +79.59,0.007269965277777778,5.086263020833333e-06,0.010949028862847222,0.9768439398871528,0
328.39 +88.05,0.016823662651909724,0.0,0.0,0.9831763373480903,0
328.49 +33.35,0.016328599717881944,5.086263020833333e-06,0.005893283420138889,0.9710439046223959,0
328.6 +82.01,0.010179307725694444,3.3908420138888887e-06,0.0018530951605902778,0.9838138156467013,0
329.4 +6.75,0.006156073676215278,6.781684027777777e-06,0.0033399793836805555,0.9880337185329862,0
329.83 +25.30,0.018317328559027776,1.6954210069444444e-06,0.0006832546657986111,0.9763726128472222,0
329.94 +16.22,0.011874728732638888,0.0,0.001315646701388889,0.9838155110677084,0
33.18 +3.75,0.004018147786458333,1.6954210069444444e-06,0.0014105902777777778,0.9927266438802084,0
330.85 -4.12,0.005138821072048611,1.6954210069444444e-06,0.002414279513888889,0.9894476996527778,0
331.39 +13.19,0.0008731418185763889,1.6954210069444444e-06,0.010791354709201388,0.9855465359157987,0
331.87 +78.04,0.007478502061631944,3.3908420138888887e-06,0.00360107421875,0.9854888916015625,0
331.96 +19.54,0.04246181911892361,5.086263020833333e-06,0.0008087158203125,0.9469045003255209,0
332.36 +30.64,0.016728719075520832,3.3908420138888887e-06,0.003100925021701389,0.9741346571180556,0
332.42 +86.19,0.11201985677083333,3.3908420138888887e-06,0.005850897894965278,0.8706597222222222,0
332.66 +53.03,0.0633087158203125,2.0345052083333332e-05,0.013841417100694444,0.9060770670572916,0
334.0 +82.56,0.005677964952256944,1.6954210069444444e-06,0.004002888997395833,0.9876878526475694,0
334.28 +3.64,0.003024631076388889,0.0,0.003913031684027778,0.9910702175564237,0
334.76 +2.40,0.003841824001736111,3.3908420138888887e-06,0.0032975938585069445,0.9910769992404513,0
334.83 +6.26,0.004582722981770833,1.6954210069444444e-06,0.002743191189236111,0.9906700981987847,0
335.43 +80.98,0.006368001302083333,1.6954210069444444e-06,0.004438612196180556,0.9860009087456597,0
336.17 +15.45,0.006588406032986111,0.0,0.001598782009548611,0.9889272054036459,0
336.45 +14.58,0.003060234917534722,0.0,0.0022735595703125,0.9926639133029513,0
337.72 +45.05,0.031524658203125,1.6954210069444444e-06,0.004669189453125,0.9550391303168403,0
337.99 +3.90,0.004737006293402778,0.0,0.0015089246961805555,0.9915076361762153,0
338.54 +40.33,0.020914713541666668,6.781684027777777e-06,0.003879123263888889,0.9684516059027778,0
339.11 +29.33,0.0108642578125,0.0,0.001888699001736111,0.9836086697048612,0
34.56 +26.91,0.005950927734375,0.0,0.000823974609375,0.9908515082465278,0
34.91 +84.67,0.012303670247395834,0.0,0.0003306070963541667,0.9843800862630209,0
340.19 +50.98,0.042577107747395836,1.864963107638889e-05,0.0184478759765625,0.9187198215060763,0
340.53 +49.07,0.03519863552517361,1.0172526041666666e-05,0.009738498263888888,0.9407806396484375,0
340.78 +9.18,0.004192776150173611,3.3908420138888887e-06,0.003314548068576389,0.9903581407335069,0
341.62 +86.96,0.004097832573784722,1.6954210069444444e-06,0.002480400933159722,0.9918772379557291,0
343.07 +2.94,0.0029551188151041665,0.0,0.0015953911675347222,0.9940219455295138,0
343.08 +32.41,0.012079874674479166,3.3908420138888887e-06,0.0016615125868055555,0.9811503092447916,0
343.18 +38.86,0.014109293619791666,3.3908420138888887e-06,0.001953125,0.9791344536675347,0
343.33 +53.15,0.045893351236979164,1.6954210069444445e-05,0.014522976345486112,0.9259033203125,0
343.46 +1.07,0.0025431315104166665,1.6954210069444444e-06,0.0023549397786458335,0.9933183458116319,0
343.59 +18.48,0.005035400390625,0.0,0.001330905490451389,0.9917653401692709,0
343.7 -5.31,0.003806220160590278,1.6954210069444444e-06,0.0015479193793402778,0.9923265245225694,0
343.82 +76.78,0.017678154839409724,0.0,0.0017479790581597222,0.9754486083984375,0
344.26 +23.24,0.007195366753472222,0.0,0.0010172526041666667,0.9886152479383681,0
344.45 +45.54,0.017042371961805556,6.781684027777777e-06,0.009646945529513888,0.9670884874131944,0
345.35 +2.38,0.0019972059461805555,0.0,0.0021616617838541665,0.9942525227864584,0
345.55 +54.32,0.05103895399305555,2.3735894097222223e-05,0.012708875868055556,0.9211374918619791,0
345.56 +29.48,0.010650634765625,3.3908420138888887e-06,0.0037434895833333335,0.9809638129340278,0
345.78 +7.97,0.002404106987847222,0.0,0.0019395616319444445,0.9942762586805556,0
346.31 -6.24,0.003711276584201389,1.6954210069444444e-06,0.001666598849826389,0.9929979112413194,0
346.57 +34.22,0.013375176323784722,0.0,0.0021955702039930555,0.9804144965277778,0
346.78 +39.66,0.021625094943576388,1.6954210069444444e-06,0.0009782579210069445,0.9743058946397569,0
346.8 +84.08,0.0071258544921875,1.6954210069444444e-06,0.0009646945529513889,0.9898512098524306,0
346.86 +9.29,0.004204644097222222,1.6954210069444444e-06,0.048972235785590276,0.9445410834418403,0
347.11 +0.44,0.002697414822048611,3.3908420138888887e-06,0.0019395616319444445,0.9938083224826388,0
347.17 +87.94,0.010240342881944444,0.0,0.0,0.9897596571180556,0
347.26 +86.98,0.004915025499131944,1.6954210069444444e-06,0.001751369900173611,0.9916042751736112,0
347.42 +5.21,0.004648844401041667,0.0,0.0012919108072916667,0.9916585286458334,0
347.65 +16.25,0.0037858751085069445,0.0,0.0018446180555555555,0.9925994873046875,0
347.68 -3.03,0.003167046440972222,1.6954210069444444e-06,0.0019361707899305555,0.993133544921875,0
347.96 +35.47,0.014002482096354166,0.0,0.00140380859375,0.9799872504340278,0
348.72 +3.63,0.0029279920789930555,0.0,0.0030653211805555555,0.9919043646918403,0
349.27 +73.37,0.010023328993055556,1.6954210069444444e-06,0.005247328016493056,0.9811248779296875,0
349.35 +44.64,0.015891181098090276,5.086263020833333e-06,0.003136528862847222,0.9761962890625,0
349.63 +45.15,0.03947279188368055,0.0,0.001629299587673611,0.9509006076388888,0
349.69 +87.47,0.008699205186631944,0.0,0.0,0.9913007948133681,0
35.29 -8.84,0.003075493706597222,0.0,0.001575046115451389,0.9933386908637153,0
35.48 +9.92,0.0034044053819444445,0.0,0.0025465223524305555,0.9928724500868056,0
35.51 +23.51,0.003790961371527778,0.0,0.0019853379991319445,0.9924638536241319,0
35.77 +25.26,0.007581922743055556,0.0,0.0005730523003472222,0.9895528157552084,0
35.81 +16.92,0.0034162733289930555,0.0,0.0013597276475694445,0.9939626057942709,0
350.03 +73.52,0.011730617947048612,0.0,0.004360622829861111,0.9797634548611112,0
350.68 +1.92,0.0016937255859375,0.0,0.002841525607638889,0.9940355088975694,0
351.15 +57.32,0.008004082573784722,5.086263020833333e-06,0.0120849609375,0.9744873046875,0
351.29 +22.05,0.005730523003472222,1.6954210069444444e-06,0.0018378363715277778,0.9903615315755209,0
351.86 +81.39,0.010406494140625,0.0,0.0012376573350694445,0.9853023952907987,0
351.98 +26.23,0.005540635850694444,1.6954210069444444e-06,0.0033162434895833335,0.9877048068576388,0
353.27 +26.19,0.006861368815104167,3.3908420138888887e-06,0.003226386176215278,0.9857635498046875,0
353.29 +30.56,0.0009646945529513889,8.477105034722223e-06,0.006247626410590278,0.9904446072048612,0
353.57 +38.76,0.007500542534722222,0.0,0.003302680121527778,0.9851498074001737,0
353.87 +18.71,0.004479302300347222,0.0,0.0020582411024305555,0.9917076958550347,0
354.03 +19.08,0.007376776801215278,0.0,0.0006544325086805555,0.9893578423394097,0
354.27 +16.46,0.007388644748263889,0.0,0.0011884901258680555,0.9886372884114584,0
354.82 +38.22,0.010223388671875,3.3908420138888887e-06,0.0012122260199652778,0.9857991536458334,0
354.87 +74.75,0.009197658962673612,1.6954210069444444e-06,0.006110297309027778,0.9793548583984375,0
355.11 +28.69,0.005930582682291667,0.0,0.0017751057942708333,0.9899190266927084,0
355.62 +56.60,0.036124335394965276,8.477105034722223e-06,0.007288614908854167,0.9454989963107638,0
355.9 +57.50,0.0327301025390625,1.52587890625e-05,0.010823567708333334,0.9465535481770834,0
356.27 +61.26,0.012330796983506944,6.781684027777777e-06,0.018415662977430556,0.9603101942274306,0
356.99 +44.89,0.008780585394965278,0.0,0.004564073350694444,0.9827643500434028,0
357.0 +54.68,0.03893873426649305,1.6954210069444444e-06,0.004814995659722222,0.94580078125,0
357.12 +26.30,0.006620619032118056,0.0,0.004519992404513889,0.9859619140625,0
357.17 +55.59,0.051688300238715276,5.086263020833333e-06,0.0037638346354166665,0.9319831000434028,0
357.43 +78.01,0.016153971354166668,5.086263020833333e-06,0.0025499131944444445,0.9752451578776041,0
357.44 +36.78,0.015097724066840278,0.0,0.0005967881944444445,0.9805806477864584,0
357.72 +12.40,0.004626803927951389,0.0,0.001681857638888889,0.9919721815321181,0
358.56 -7.73,0.002017550998263889,0.0,0.003445095486111111,0.9931538899739584,0
358.72 +19.12,0.004240247938368056,1.6954210069444444e-06,0.001514010959201389,0.9924875895182291,0
359.47 +71.53,0.017361111111111112,6.781684027777777e-06,0.005718655056423611,0.9722968207465278,0
359.72 +11.86,0.0010240342881944445,1.6954210069444444e-06,0.003945244683159722,0.9932488335503472,0
36.2 +7.65,0.004038492838541667,1.6954210069444444e-06,0.00031873914930555556,0.9940372043185763,0
36.81 +75.50,0.0037248399522569445,0.0,0.006539238823784722,0.9876369900173612,0
36.88 -12.91,0.002505832248263889,0.0,0.0018208821614583333,0.9945661756727431,0
37.4 +37.35,0.03184848361545139,0.0,0.0003560384114583333,0.9624413384331597,0
38.0 -8.25,0.00372314453125,0.0,0.001651340060763889,0.9929623074001737,0
38.61 +0.41,0.004809909396701389,0.0,0.0005679660373263889,0.9929826524522569,0
38.73 +9.85,0.005716959635416667,0.0,0.0008171929253472222,0.9913957383897569,0
39.31 +87.17,0.007258097330729167,0.0,0.000979953342013889,0.9895172119140625,0
4.01 +34.93,0.007000393337673611,0.0,0.0020090738932291665,0.9881540934244791,0
4.26 +1.27,0.004716661241319444,1.6954210069444444e-06,0.0007917616102430555,0.9930860731336806,0
4.7 +19.40,0.003060234917534722,3.3908420138888887e-06,0.0028584798177083335,0.9917721218532987,0
40.08 +3.83,0.0029279920789930555,1.6954210069444444e-06,0.0031416151258680555,0.9925367567274306,0
40.18 +45.28,0.025132921006944444,0.0,0.0019938151041666665,0.9663899739583334,0
40.48 +23.70,0.003104315863715278,1.6954210069444444e-06,0.0010935465494791667,0.9942898220486112,0
40.61 +89.46,0.3655005560980903,0.0,1.52587890625e-05,0.6344841851128472,0
41.03 +21.63,0.0021209716796875,1.6954210069444444e-06,0.0028703477647569445,0.9934675428602431,0
41.04 +29.27,0.005715264214409722,1.6954210069444444e-06,0.0010087754991319445,0.9911753336588541,0
41.12 +14.41,0.003226386176215278,0.0,0.001590304904513889,0.9929690890842013,0
42.17 +70.58,0.009250217013888888,1.6954210069444444e-06,0.0037400987413194445,0.9839392768012153,0
42.22 +79.87,0.009357028537326388,0.0,0.002616034613715278,0.9847259521484375,0
42.23 +7.42,0.0014597574869791667,3.3908420138888887e-06,0.0038163926866319445,0.9929080539279513,0
42.36 +35.91,0.013458251953125,1.6954210069444444e-06,0.0019209120008680555,0.9791107177734375,0
42.36 +50.27,0.013024224175347222,3.3908420138888887e-06,0.004903157552083333,0.9768015543619791,0
43.13 +3.53,0.0016106499565972222,0.0,0.003317938910590278,0.9933183458116319,0
43.25 +72.90,0.012144300672743056,1.0172526041666666e-05,0.005859375,0.9778120252821181,0
43.31 +80.96,0.006503634982638889,0.0,0.002602471245659722,0.9884575737847222,0
43.92 -12.45,0.002922905815972222,3.3908420138888887e-06,0.0029195149739583335,0.9913957383897569,0
44.07 -14.02,0.002032809787326389,3.3908420138888887e-06,0.0031144883897569445,0.9929131401909722,0
44.48 +72.90,0.006457858615451389,1.3563368055555555e-05,0.010209825303819444,0.9802652994791666,0
44.59 +6.44,0.002788967556423611,0.0,0.001186794704861111,0.9945017496744791,0
44.83 +17.03,0.018739488389756944,0.0,0.0006306966145833334,0.9786546495225694,0
44.86 +70.64,0.012249416775173612,0.0,0.0023447672526041665,0.9814385308159722,0
45.5 +73.38,0.013410780164930556,1.6954210069444444e-06,0.0023905436197916665,0.9797583685980903,0
45.94 +26.10,0.003482394748263889,1.6954210069444444e-06,0.001934475368923611,0.9926656087239584,0
46.12 +3.45,0.0029754638671875,0.0,0.0009273952907986111,0.9946611192491319,0
46.22 +78.71,0.010443793402777778,1.6954210069444444e-06,0.002209133572048611,0.9843292236328125,0
46.75 +3.75,0.002249823676215278,1.6954210069444444e-06,0.003517998589409722,0.9930996365017362,0
48.49 +81.62,0.008792453342013888,1.6954210069444444e-06,0.0012800428602430555,0.9869486490885416,0
48.79 +84.16,0.012752956814236112,0.0,0.0003475613064236111,0.9833662245008681,0
49.46 +12.93,0.0026957194010416665,1.6954210069444444e-06,0.0019989013671875,0.9940456814236112,0
5.17 +50.21,0.027760823567708332,3.3908420138888887e-06,0.004711574978298611,0.9599388970269097,0
5.18 +34.92,0.007804022894965278,0.0,0.0026228162977430555,0.9867180718315972,0
5.21 +1.59,0.002887301974826389,1.6954210069444444e-06,0.0010884602864583333,0.9949493408203125,0
5.46 +87.65,0.009730021158854166,0.0,0.0,0.9902699788411459,0
5.51 +18.48,0.0033399793836805555,0.0,0.002627902560763889,0.9912855360243056,0
5.69 +37.35,0.009172227647569444,6.781684027777777e-06,0.002432929144965278,0.9845072428385416,0
5.83 +1.32,0.004116482204861111,1.6954210069444444e-06,0.0009341769748263889,0.9931471082899306,0
5.98 +39.15,0.008136325412326388,3.3908420138888887e-06,0.002236260308159722,0.986328125,0
50.57 +12.49,0.001976860894097222,1.6954210069444444e-06,0.0019310845269097222,0.9948289659288194,0
50.79 +67.49,0.017357720269097224,0.0,0.004289415147569444,0.9729682074652778,0
51.05 +7.17,0.0013342963324652778,0.0,0.0020853678385416665,0.9950968424479166,0
51.6 +48.39,0.0352935791015625,0.0,0.001086764865451389,0.9556749131944444,0
52.15 +36.81,0.010257297092013888,6.781684027777777e-06,0.0036146375868055555,0.9820760091145834,0
52.18 -8.69,0.0020751953125,0.0,0.0026109483506944445,0.9939659966362847,0
52.38 +14.76,0.0022260877821180555,1.6954210069444444e-06,0.0020616319444444445,0.994293212890625,0
52.55 +26.38,0.007166544596354167,1.6954210069444444e-06,0.001675075954861111,0.9883948432074653,0
52.67 +3.87,0.0033060709635416665,0.0,0.0024770100911458335,0.9926656087239584,0
53.08 +19.31,0.0031992594401041665,0.0,0.002560085720486111,0.9922434488932291,0
54.0 +46.96,0.020267062717013888,1.6954210069444444e-06,0.0059661865234375,0.9657694498697916,0
54.25 +7.81,0.002032809787326389,1.6954210069444444e-06,0.0016309950086805555,0.9949188232421875,0
54.61 +45.57,0.014895968967013888,3.3908420138888887e-06,0.0068817138671875,0.9709116617838541,0
54.72 +62.71,0.0024278428819444445,0.0,0.004041883680555556,0.9914313422309028,0
54.81 +80.67,0.007648044162326389,3.3908420138888887e-06,0.0023481580946180555,0.9874454074435763,0
54.84 +68.87,0.019748263888888888,0.0,0.003228081597222222,0.9717051188151041,0
55.01 +9.44,0.0017327202690972222,0.0,0.002505832248263889,0.9945170084635416,0
55.34 +69.30,0.019639756944444444,5.086263020833333e-06,0.0037061903211805555,0.9725223117404513,0
55.38 +20.29,0.006066216362847222,1.6954210069444444e-06,0.0016038682725694445,0.9901496039496528,0
55.41 +49.32,0.03125339084201389,3.3908420138888887e-06,0.0036485460069444445,0.9563649495442709,0
55.9 +31.18,0.005143907335069444,5.086263020833333e-06,0.003943549262152778,0.9892323811848959,0
56.28 +69.93,0.007726033528645833,6.781684027777777e-06,0.003078884548611111,0.9857381184895834,0
56.55 -2.08,0.0029771592881944445,0.0,0.0017869737413194445,0.9934031168619791,0
56.67 +25.42,0.014265272352430556,0.0,0.0005628797743055555,0.9823048909505209,0
56.93 +59.25,0.012107001410590278,6.781684027777777e-06,0.0068817138671875,0.9742143419053819,0
57.31 +66.49,0.022013346354166668,0.0,0.0026075575086805555,0.9706827799479166,0
57.34 +31.37,0.005908542209201389,3.3908420138888887e-06,0.0027448866102430555,0.9889441596137153,0
57.42 +11.13,0.008819580078125,3.3908420138888887e-06,0.0008341471354166666,0.9873199462890625,0
57.46 +81.70,0.0077667236328125,0.0,0.0016411675347222222,0.9877726236979166,0
57.48 +71.50,0.003696017795138889,6.781684027777777e-06,0.04606289333767361,0.9467688666449653,0
57.62 +76.81,0.011981540256076388,3.3908420138888887e-06,0.0026652018229166665,0.9814893934461806,0
57.82 +82.01,0.009767320421006944,1.6954210069444444e-06,0.002166748046875,0.9850209554036459,0
57.91 +21.97,0.0088653564453125,1.6954210069444444e-06,0.004667494032118056,0.9826744927300347,0
58.28 +40.91,0.004636976453993056,5.086263020833333e-06,0.006237453884548611,0.9863213433159722,0
58.31 +4.95,0.002224392361111111,3.3908420138888887e-06,0.002224392361111111,0.9937218560112847,0
58.38 +29.59,0.007376776801215278,0.0,0.0024261474609375,0.9871080186631944,0
58.91 +59.26,0.012574937608506944,3.3908420138888887e-06,0.005518595377604167,0.9765540228949653,0
58.98 +1.37,0.002373589409722222,0.0,0.0027787950303819445,0.9933573404947916,0
59.02 +78.82,0.013475206163194444,5.086263020833333e-06,0.0015648735894097222,0.9810960557725694,0
6.11 +70.36,0.007454766167534722,1.3563368055555555e-05,0.007912529839409722,0.9812452528211806,0
6.21 +70.43,0.008341471354166666,3.3908420138888887e-06,0.006022135416666667,0.9816962348090278,0
6.24 +68.32,0.004462348090277778,1.1867947048611111e-05,0.0151824951171875,0.9763166639539931,0
6.32 +25.61,0.0053863525390625,1.6954210069444444e-06,0.001598782009548611,0.9909956190321181,0
6.58 -8.40,0.0018378363715277778,0.0,0.008207533094618056,0.9871266682942709,0
60.41 +24.34,0.0118255615234375,0.0,0.0006001790364583334,0.9841868082682291,0
60.55 +59.55,0.020728217230902776,0.0,0.0036451551649305555,0.9697892930772569,0
61.06 +61.50,0.005849202473958333,5.086263020833333e-06,0.007593790690104167,0.9832170274522569,0
61.07 +75.28,0.019763522677951388,3.3908420138888887e-06,0.001434326171875,0.9745924207899306,0
61.37 +21.95,0.026487562391493056,3.3908420138888887e-06,0.004803127712673611,0.9606051974826388,0
61.66 +24.79,0.009675767686631944,0.0,0.0012732611762152778,0.9860144721137153,0
61.77 +26.48,0.011160956488715278,0.0,0.0012919108072916667,0.9841274685329862,0
62.18 +38.79,0.0027821858723958335,3.3908420138888887e-06,0.007753160264756944,0.9868452284071181,0
62.39 +73.70,0.014707777235243056,5.086263020833333e-06,0.001736111111111111,0.9797837999131944,0
63.22 +35.78,0.008855183919270834,0.0,0.005238850911458333,0.9811333550347222,0
64.29 +19.10,0.009885999891493056,1.6954210069444444e-06,0.002102322048611111,0.9838307698567709,0
64.52 +9.60,0.007714165581597222,1.6954210069444444e-06,0.002224392361111111,0.9876980251736112,0
64.63 +63.80,0.010382758246527778,1.6954210069444444e-06,0.005055745442708333,0.9809688991970487,0
65.14 +0.15,0.008036295572916666,0.0,0.0009256998697916666,0.988311767578125,0
65.26 +4.64,0.004231770833333333,0.0,0.0018378363715277778,0.9914025200737847,0
65.79 -10.97,0.002410888671875,8.477105034722223e-06,0.005260891384548611,0.9895290798611112,0
66.07 +3.64,0.004460652669270833,1.6954210069444444e-06,0.002376980251736111,0.9910227457682291,0
67.15 +15.03,0.005025227864583333,0.0,0.002972073025173611,0.9892239040798612,0
67.19 +77.93,0.011138916015625,8.477105034722223e-06,0.002251519097222222,0.9824574788411459,0
67.22 +70.99,0.018673366970486112,0.0,0.001739501953125,0.9749586317274306,0
67.58 +11.83,0.0022599962022569445,1.6954210069444444e-06,0.002209133572048611,0.9939982096354166,0
67.94 +8.20,0.0039215087890625,1.6954210069444444e-06,0.0021565755208333335,0.9917721218532987,0
68.14 +49.05,0.003879123263888889,0.0,0.009275648328993056,0.9833509657118056,0
68.16 +39.68,0.013373480902777778,3.3908420138888887e-06,0.004730224609375,0.9760708279079862,0
68.22 +75.66,0.012992011176215278,3.3908420138888887e-06,0.0016004774305555555,0.9808671739366319,0
68.27 +77.77,0.010077582465277778,1.6954210069444444e-06,0.0016733805338541667,0.9846632215711806,0
69.0 +25.20,0.004304673936631944,0.0,0.0038130018446180555,0.9897664388020834,0
69.06 +29.18,0.006917317708333333,1.6954210069444444e-06,0.005113389756944444,0.9844750298394097,0
69.07 +30.15,0.003345065646701389,3.3908420138888887e-06,0.005698310004340278,0.9889458550347222,0
69.71 +32.04,0.008143107096354166,1.6954210069444444e-06,0.006081475151909722,0.98211669921875,0
69.95 +51.28,0.011232164171006944,1.6954210069444444e-06,0.008090549045138888,0.9769812689887153,0
69.96 +4.73,0.0035417344835069445,0.0,0.002392239040798611,0.9922146267361112,0
7.48 +81.53,0.010555691189236112,1.6954210069444444e-06,0.001498752170138889,0.9834357367621528,0
7.52 -10.45,0.0015733506944444445,0.0,0.0031263563368055555,0.9940575493706597,0
7.88 +25.52,0.006859673394097222,0.0,0.00030517578125,0.9906497531467013,0
70.12 +21.76,0.008046468098958334,0.0,0.004838731553819444,0.9849209255642362,0
70.33 +27.29,0.005182902018229167,5.086263020833333e-06,0.006359524197048611,0.9861077202690972,0
70.78 +29.62,0.004241943359375,5.086263020833333e-06,0.004355536566840278,0.9888220893012153,0
70.89 +4.71,0.011633978949652778,1.6954210069444444e-06,0.0007781982421875,0.9838273790147569,0
70.91 +81.79,0.009594387478298612,0.0,0.0011037190755208333,0.9861840142144097,0
70.93 +64.02,0.017478095160590276,0.0,0.0014597574869791667,0.9760030110677084,0
71.64 -7.05,0.0015869140625,0.0,0.004692925347222222,0.9912651909722222,0
71.76 +48.77,0.015601264105902778,6.781684027777777e-06,0.010982937282986112,0.9669545491536459,0
71.93 +82.94,0.009879218207465278,3.3908420138888887e-06,0.0014563666449652778,0.9852549235026041,0
71.99 +66.46,0.017164442274305556,1.6954210069444444e-06,0.0010732014973958333,0.9766455756293403,0
72.03 +64.14,0.009260389539930556,3.3908420138888887e-06,0.0029144287109375,0.9842817518446181,0
72.18 +18.57,0.010074191623263888,0.0,0.0019734700520833335,0.9830915662977431,0
72.42 +20.48,0.007505628797743056,1.6954210069444444e-06,0.002478705512152778,0.9865739610460069,0
72.78 +33.16,0.0052032470703125,3.3908420138888887e-06,0.006793551974826389,0.9843885633680556,0
73.29 +15.31,0.006310356987847222,1.6954210069444444e-06,0.001422458224826389,0.9897647433810763,0
73.37 +41.81,0.029447767469618056,1.1867947048611111e-05,0.008053249782986112,0.9511600070529513,0
73.67 +14.40,0.005333794487847222,0.0,0.0023362901475694445,0.9896986219618056,0
75.35 -2.44,0.0108642578125,1.6954210069444444e-06,0.0013800726996527778,0.9843783908420138,0
75.57 +10.66,0.008355034722222222,0.0,0.002266777886284722,0.9862925211588541,0
75.77 +42.71,0.016650729709201388,1.1867947048611111e-05,0.019397311740451388,0.9513804117838541,0
75.97 +86.21,0.0104827880859375,0.0,0.001254611545138889,0.9846683078342013,0
76.28 -11.99,0.008170233832465278,6.781684027777777e-06,0.005308363172743056,0.9831153021918403,0
76.44 -8.18,0.002371893988715278,1.6954210069444444e-06,0.007007175021701389,0.9868418375651041,0
76.63 +10.03,0.010286119249131944,5.086263020833333e-06,0.002041286892361111,0.9839850531684028,0
76.75 +32.93,0.009153578016493056,8.477105034722223e-06,0.011101616753472222,0.9734632703993056,0
76.8 +26.74,0.0032975938585069445,0.0,0.009077284071180556,0.9842461480034722,0
76.89 +3.35,0.021128336588541668,1.6954210069444444e-06,0.002663506401909722,0.9710964626736112,0
77.99 +13.66,0.006974962022569444,8.477105034722223e-06,0.003226386176215278,0.9864908854166666,0
79.12 -9.69,0.0022176106770833335,1.6954210069444444e-06,0.006274753146701389,0.9886067708333334,0
79.56 +17.48,0.0144805908203125,5.086263020833333e-06,0.014716254340277778,0.9646030002170138,0
79.64 +65.03,0.017747667100694444,0.0,0.0026194254557291665,0.9719899495442709,0
81.06 +85.86,0.009128146701388888,1.6954210069444444e-06,0.0010528564453125,0.9866010877821181,0
81.22 +74.64,0.010781182183159722,0.0,0.0008494059244791666,0.9857432047526041,0
81.3 +36.72,0.010564168294270834,8.477105034722223e-06,0.011827256944444444,0.9706302218967013,0
82.27 +76.30,0.008751763237847222,0.0,0.001781887478298611,0.9868096245659722,0
82.76 +88.06,0.005647447374131944,0.0,0.0,0.9943525526258681,0
83.1 +47.83,0.023188273111979168,1.6954210069444444e-06,0.0029246012369791665,0.9670698377821181,0
83.11 +39.45,0.031222873263888888,3.3908420138888887e-06,0.00244140625,0.9568905300564237,0
83.25 +16.84,0.020200941297743056,0.0,0.0010138617621527778,0.9747483995225694,0
84.1 -8.96,0.006707085503472222,8.477105034722223e-06,0.004628499348958333,0.9838189019097222,0
84.88 +3.91,0.016808403862847224,0.0,0.0015411376953125,0.9771372477213541,0
85.09 +29.93,0.0030161539713541665,3.3908420138888887e-06,0.009184095594618056,0.9845123291015625,0
85.15 +63.74,0.015475802951388888,0.0,0.001491970486111111,0.9777696397569444,0
85.29 +78.52,0.009497748480902778,1.6954210069444444e-06,0.001476711697048611,0.9862874348958334,0
85.39 +11.09,0.024030897352430556,0.0,0.0010477701822916667,0.9695536295572916,0
85.39 +79.70,0.007024129231770833,1.6954210069444444e-06,0.0014733208550347222,0.9891408284505209,0
85.43 +83.94,0.012400309244791666,1.6954210069444444e-06,0.0017174614800347222,0.9827982584635416,0
85.83 +22.48,0.0172271728515625,3.3908420138888887e-06,0.004504733615451389,0.9729546440972222,0
85.85 +65.53,0.012751261393229166,3.3908420138888887e-06,0.0017835828993055555,0.980682373046875,0
86.1 +86.92,0.006595187717013889,0.0,0.001040988498263889,0.9900054931640625,0
86.37 +35.49,0.012707180447048612,8.477105034722223e-06,0.005757649739583333,0.9770304361979166,0
86.49 +22.99,0.012941148546006944,1.6954210069444444e-06,0.004077487521701389,0.9770372178819444,0
86.54 +37.53,0.017927381727430556,1.3563368055555555e-05,0.007598876953125,0.9671291775173612,0
86.54 +56.81,0.024754842122395832,0.0,0.0019700792100694445,0.9685855441623263,0
86.8 +2.42,0.015196058485243056,1.6954210069444444e-06,0.0016564263237847222,0.9787275526258681,0
87.15 -0.61,0.011615329318576388,0.0,0.0007595486111111111,0.9852837456597222,0
87.17 +8.72,0.01824951171875,1.6954210069444444e-06,0.0027872721354166665,0.9727901882595487,0
87.36 +83.18,0.008144802517361112,0.0,0.0011766221788194445,0.9877251519097222,0
88.18 +7.78,0.016504923502604168,1.6954210069444444e-06,0.006373087565104167,0.9709794786241319,0
88.52 -11.23,0.002170138888888889,0.0,0.006178114149305556,0.9897342258029513,0
88.8 +29.12,0.03482394748263889,1.0172526041666666e-05,0.009416368272569444,0.9414706759982638,0
89.86 +70.46,0.010158962673611112,0.0,0.0012274848090277778,0.9848921034071181,0
9.05 +75.38,0.010699801974826388,1.6954210069444444e-06,0.004976060655381944,0.9816945393880209,0
9.6 -6.93,0.011818779839409722,1.6954210069444444e-06,0.009045071072048612,0.9770609537760416,0
9.89 +39.12,0.010764227973090278,1.6954210069444444e-06,0.0025482177734375,0.9835968017578125,0
90.35 +71.99,0.010811699761284722,1.6954210069444444e-06,0.001300387912326389,0.984283447265625,0
90.41 -9.95,0.0020311143663194445,5.086263020833333e-06,0.006844414605034722,0.9888576931423612,0
90.66 +59.08,0.015582614474826388,0.0,0.0008663601345486111,0.9796040852864584,0
90.85 +62.34,0.007441202799479167,3.3908420138888887e-06,0.003409491644965278,0.9849378797743056,0
91.34 +14.46,0.017820570203993056,3.3908420138888887e-06,0.007366604275173611,0.9659559461805556,0
91.5 -9.44,0.005533854166666667,5.086263020833333e-06,0.013058132595486112,0.9762420654296875,0
91.63 +23.72,0.030127631293402776,1.0172526041666666e-05,0.013337877061631944,0.9423777262369791,0
92.08 -6.70,0.005484686957465278,3.3908420138888887e-06,0.005286322699652778,0.9860788981119791,0
92.57 +37.02,0.030281914605034724,1.6954210069444444e-06,0.002966986762152778,0.9593590630425347,0
92.78 +16.85,0.005791558159722222,3.3908420138888887e-06,0.007885403103298612,0.9817623562282987,0
93.62 +89.63,0.011773003472222222,0.0,0.0,0.9882269965277778,0
94.19 +83.38,0.009845309787326388,0.0,0.0009528266059027778,0.9862993028428819,0
94.62 +80.35,0.015158759223090278,0.0,0.0008782280815972222,0.9803568522135416,0
94.84 +25.86,0.016835530598958332,5.086263020833333e-06,0.009752061631944444,0.9654947916666666,0
94.97 +26.22,0.026314629448784724,1.3563368055555555e-05,0.009830050998263888,0.9531690809461806,0
95.82 +17.53,0.029778374565972224,1.6954210069444444e-06,0.0029008653428819445,0.9596659342447916,0
96.58 +33.94,0.026029798719618056,0.0,0.004643758138020833,0.9638960096571181,0
96.79 +38.03,0.016014946831597224,6.781684027777777e-06,0.005040486653645833,0.9722612169053819,0
96.96 +71.62,0.009265475802951388,1.6954210069444444e-06,0.0023549397786458335,0.9843156602647569,0
98.17 +65.64,0.006125556098090278,0.0,0.003204345703125,0.9867875840928819,0
98.76 -7.56,0.027960883246527776,3.3908420138888887e-06,0.012029012044270834,0.9477437337239584,0
98.88 +84.16,0.007203843858506944,3.3908420138888887e-06,0.0009104410807291666,0.9888949924045138,0
99.86 -0.49,0.024859958224826388,5.086263020833333e-06,0.009097629123263888,0.9548119439019097,0
